@T, output
created_at,"Thu Apr 20 00:38:25 MDT 2023"
date_format,yyyy-MM-dd
@H,time,ID,simRunoff_qm_sec
Type,LocalDate,Integer,Double
Unit,-,-,-
,2011-01-01,-27,0.01786
,2011-01-02,-27,0.02005
,2011-01-03,-27,0.02237
,2011-01-04,-27,0.02461
,2011-01-05,-27,0.02662
,2011-01-06,-27,0.0283
,2011-01-07,-27,0.02962
,2011-01-08,-27,0.03075
,2011-01-09,-27,0.03435
,2011-01-10,-27,0.03493
,2011-01-11,-27,0.03504
,2011-01-12,-27,0.0348
,2011-01-13,-27,0.0343
,2011-01-14,-27,0.03361
,2011-01-15,-27,0.03334
,2011-01-16,-27,0.03607
,2011-01-17,-27,0.03805
,2011-01-18,-27,0.03743
,2011-01-19,-27,0.03777
,2011-01-20,-27,0.0366
,2011-01-21,-27,0.03526
,2011-01-22,-27,0.03398
,2011-01-23,-27,0.03256
,2011-01-24,-27,0.03114
,2011-01-25,-27,0.02974
,2011-01-26,-27,0.02837
,2011-01-27,-27,0.02705
,2011-01-28,-27,0.02856
,2011-01-29,-27,0.02873
,2011-01-30,-27,0.02838
,2011-01-31,-27,0.02933
,2011-02-01,-27,0.0286
,2011-02-02,-27,0.02768
,2011-02-03,-27,0.02665
,2011-02-04,-27,0.02557
,2011-02-05,-27,0.02446
,2011-02-06,-27,0.02336
,2011-02-07,-27,0.02229
,2011-02-08,-27,0.02125
,2011-02-09,-27,0.02023
,2011-02-10,-27,0.01926
,2011-02-11,-27,0.01832
,2011-02-12,-27,0.01743
,2011-02-13,-27,0.01657
,2011-02-14,-27,0.01575
,2011-02-15,-27,0.01497
,2011-02-16,-27,0.04182
,2011-02-17,-27,0.05443
,2011-02-18,-27,0.06298
,2011-02-19,-27,0.07278
,2011-02-20,-27,0.0794
,2011-02-21,-27,0.08271
,2011-02-22,-27,0.08345
,2011-02-23,-27,0.08236
,2011-02-24,-27,0.08125
,2011-02-25,-27,0.07809
,2011-02-26,-27,0.07437
,2011-02-27,-27,0.07063
,2011-02-28,-27,0.06796
,2011-03-01,-27,0.06431
,2011-03-02,-27,0.06113
,2011-03-03,-27,0.058
,2011-03-04,-27,0.05471
,2011-03-05,-27,0.05155
,2011-03-06,-27,0.04941
,2011-03-07,-27,0.04684
,2011-03-08,-27,0.04435
,2011-03-09,-27,0.04268
,2011-03-10,-27,0.0409
,2011-03-11,-27,0.03898
,2011-03-12,-27,0.03946
,2011-03-13,-27,0.03807
,2011-03-14,-27,0.03638
,2011-03-15,-27,0.03463
,2011-03-16,-27,0.03296
,2011-03-17,-27,0.03412
,2011-03-18,-27,0.03535
,2011-03-19,-27,0.03592
,2011-03-20,-27,0.0359
,2011-03-21,-27,0.03675
,2011-03-22,-27,0.03749
,2011-03-23,-27,0.03908
,2011-03-24,-27,0.0421
,2011-03-25,-27,0.04603
,2011-03-26,-27,0.05105
,2011-03-27,-27,0.05613
,2011-03-28,-27,0.06172
,2011-03-29,-27,0.06466
,2011-03-30,-27,0.06691
,2011-03-31,-27,0.06765
,2011-04-01,-27,0.06738
,2011-04-02,-27,0.06714
,2011-04-03,-27,0.07094
,2011-04-04,-27,0.07068
,2011-04-05,-27,0.06945
,2011-04-06,-27,0.06755
,2011-04-07,-27,0.06523
,2011-04-08,-27,0.06263
,2011-04-09,-27,0.06094
,2011-04-10,-27,0.058
,2011-04-11,-27,0.05506
,2011-04-12,-27,0.05223
,2011-04-13,-27,0.06786
,2011-04-14,-27,0.0788
,2011-04-15,-27,0.08268
,2011-04-16,-27,0.08303
,2011-04-17,-27,0.08267
,2011-04-18,-27,0.08443
,2011-04-19,-27,0.08593
,2011-04-20,-27,0.08917
,2011-04-21,-27,0.09175
,2011-04-22,-27,0.0936
,2011-04-23,-27,0.09729
,2011-04-24,-27,0.09838
,2011-04-25,-27,0.10221
,2011-04-26,-27,0.10736
,2011-04-27,-27,0.10693
,2011-04-28,-27,0.10478
,2011-04-29,-27,0.10152
,2011-04-30,-27,0.09888
,2011-05-01,-27,0.09666
,2011-05-02,-27,0.09475
,2011-05-03,-27,0.09296
,2011-05-04,-27,0.09181
,2011-05-05,-27,0.09089
,2011-05-06,-27,0.0898
,2011-05-07,-27,0.08856
,2011-05-08,-27,0.08758
,2011-05-09,-27,0.08788
,2011-05-10,-27,0.09512
,2011-05-11,-27,0.12643
,2011-05-12,-27,0.16042
,2011-05-13,-27,0.18943
,2011-05-14,-27,0.22558
,2011-05-15,-27,0.24726
,2011-05-16,-27,0.25696
,2011-05-17,-27,0.26023
,2011-05-18,-27,0.36806
,2011-05-19,-27,0.45665
,2011-05-20,-27,0.50157
,2011-05-21,-27,0.49566
,2011-05-22,-27,0.48181
,2011-05-23,-27,0.47069
,2011-05-24,-27,0.46005
,2011-05-25,-27,0.45062
,2011-05-26,-27,0.4419
,2011-05-27,-27,0.43356
,2011-05-28,-27,0.42712
,2011-05-29,-27,0.42351
,2011-05-30,-27,0.42159
,2011-05-31,-27,0.42164
,2011-06-01,-27,0.42148
,2011-06-02,-27,0.42325
,2011-06-03,-27,0.42808
,2011-06-04,-27,0.4336
,2011-06-05,-27,0.43718
,2011-06-06,-27,0.43866
,2011-06-07,-27,0.44191
,2011-06-08,-27,0.44578
,2011-06-09,-27,0.44758
,2011-06-10,-27,0.44348
,2011-06-11,-27,0.43259
,2011-06-12,-27,0.41642
,2011-06-13,-27,0.39756
,2011-06-14,-27,0.37843
,2011-06-15,-27,0.36028
,2011-06-16,-27,0.34252
,2011-06-17,-27,0.32486
,2011-06-18,-27,0.30726
,2011-06-19,-27,0.31632
,2011-06-20,-27,0.30679
,2011-06-21,-27,0.29387
,2011-06-22,-27,0.28133
,2011-06-23,-27,0.27207
,2011-06-24,-27,0.26302
,2011-06-25,-27,0.25364
,2011-06-26,-27,0.24472
,2011-06-27,-27,0.23654
,2011-06-28,-27,0.22917
,2011-06-29,-27,0.22256
,2011-06-30,-27,0.21666
,2011-07-01,-27,0.21115
,2011-07-02,-27,0.20553
,2011-07-03,-27,0.19934
,2011-07-04,-27,0.19233
,2011-07-05,-27,0.18451
,2011-07-06,-27,0.17608
,2011-07-07,-27,0.17198
,2011-07-08,-27,0.16232
,2011-07-09,-27,0.15314
,2011-07-10,-27,0.14449
,2011-07-11,-27,0.1363
,2011-07-12,-27,0.12929
,2011-07-13,-27,0.12213
,2011-07-14,-27,0.11755
,2011-07-15,-27,0.11133
,2011-07-16,-27,0.10526
,2011-07-17,-27,0.09951
,2011-07-18,-27,0.09414
,2011-07-19,-27,0.08902
,2011-07-20,-27,0.08413
,2011-07-21,-27,0.07967
,2011-07-22,-27,0.07544
,2011-07-23,-27,0.07142
,2011-07-24,-27,0.06762
,2011-07-25,-27,0.06405
,2011-07-26,-27,0.06069
,2011-07-27,-27,0.05751
,2011-07-28,-27,0.05451
,2011-07-29,-27,0.05168
,2011-07-30,-27,0.04899
,2011-07-31,-27,0.04645
,2011-08-01,-27,0.04404
,2011-08-02,-27,0.04176
,2011-08-03,-27,0.0396
,2011-08-04,-27,0.03756
,2011-08-05,-27,0.03562
,2011-08-06,-27,0.03379
,2011-08-07,-27,0.03205
,2011-08-08,-27,0.03041
,2011-08-09,-27,0.02886
,2011-08-10,-27,0.0274
,2011-08-11,-27,0.02602
,2011-08-12,-27,0.0247
,2011-08-13,-27,0.02346
,2011-08-14,-27,0.02229
,2011-08-15,-27,0.02119
,2011-08-16,-27,0.02015
,2011-08-17,-27,0.01916
,2011-08-18,-27,0.01822
,2011-08-19,-27,0.01734
,2011-08-20,-27,0.0165
,2011-08-21,-27,0.01572
,2011-08-22,-27,0.01497
,2011-08-23,-27,0.01426
,2011-08-24,-27,0.0136
,2011-08-25,-27,0.01297
,2011-08-26,-27,0.01237
,2011-08-27,-27,0.0118
,2011-08-28,-27,0.01127
,2011-08-29,-27,0.01076
,2011-08-30,-27,0.01028
,2011-08-31,-27,0.00983
,2011-09-01,-27,0.0094
,2011-09-02,-27,0.00899
,2011-09-03,-27,0.0086
,2011-09-04,-27,0.00824
,2011-09-05,-27,0.00789
,2011-09-06,-27,0.00756
,2011-09-07,-27,0.00761
,2011-09-08,-27,0.00739
,2011-09-09,-27,0.00715
,2011-09-10,-27,0.00691
,2011-09-11,-27,0.00666
,2011-09-12,-27,0.00642
,2011-09-13,-27,0.00619
,2011-09-14,-27,0.00772
,2011-09-15,-27,0.00794
,2011-09-16,-27,0.008
,2011-09-17,-27,0.00795
,2011-09-18,-27,0.00782
,2011-09-19,-27,0.00764
,2011-09-20,-27,0.00742
,2011-09-21,-27,0.00718
,2011-09-22,-27,0.00694
,2011-09-23,-27,0.00669
,2011-09-24,-27,0.00643
,2011-09-25,-27,0.00619
,2011-09-26,-27,0.00594
,2011-09-27,-27,0.00571
,2011-09-28,-27,0.00548
,2011-09-29,-27,0.00526
,2011-09-30,-27,0.00505
,2011-10-01,-27,0.00485
,2011-10-02,-27,0.00465
,2011-10-03,-27,0.00447
,2011-10-04,-27,0.00429
,2011-10-05,-27,0.00412
,2011-10-06,-27,0.00396
,2011-10-07,-27,0.0038
,2011-10-08,-27,0.00365
,2011-10-09,-27,0.00351
,2011-10-10,-27,0.00338
,2011-10-11,-27,0.00325
,2011-10-12,-27,0.00313
,2011-10-13,-27,0.00301
,2011-10-14,-27,0.0029
,2011-10-15,-27,0.0028
,2011-10-16,-27,0.0027
,2011-10-17,-27,0.0026
,2011-10-18,-27,0.00252
,2011-10-19,-27,0.00243
,2011-10-20,-27,0.00235
,2011-10-21,-27,0.00228
,2011-10-22,-27,0.00221
,2011-10-23,-27,0.00215
,2011-10-24,-27,0.00209
,2011-10-25,-27,0.00221
,2011-10-26,-27,0.0027
,2011-10-27,-27,0.00289
,2011-10-28,-27,0.00318
,2011-10-29,-27,0.00381
,2011-10-30,-27,0.02048
,2011-10-31,-27,0.02994
,2011-11-01,-27,0.03825
,2011-11-02,-27,0.0451
,2011-11-03,-27,0.05068
,2011-11-04,-27,0.079
,2011-11-05,-27,0.11363
,2011-11-06,-27,0.13434
,2011-11-07,-27,0.15034
,2011-11-08,-27,0.16161
,2011-11-09,-27,0.16723
,2011-11-10,-27,0.16885
,2011-11-11,-27,0.16772
,2011-11-12,-27,0.16464
,2011-11-13,-27,0.16021
,2011-11-14,-27,0.15484
,2011-11-15,-27,0.14885
,2011-11-16,-27,0.14244
,2011-11-17,-27,0.13582
,2011-11-18,-27,0.12911
,2011-11-19,-27,0.12243
,2011-11-20,-27,0.11596
,2011-11-21,-27,0.10975
,2011-11-22,-27,0.10379
,2011-11-23,-27,0.09808
,2011-11-24,-27,0.09264
,2011-11-25,-27,0.08745
,2011-11-26,-27,0.08252
,2011-11-27,-27,0.07784
,2011-11-28,-27,0.07342
,2011-11-29,-27,0.06922
,2011-11-30,-27,0.06525
,2011-12-01,-27,0.06151
,2011-12-02,-27,0.05799
,2011-12-03,-27,0.05467
,2011-12-04,-27,0.05154
,2011-12-05,-27,0.0486
,2011-12-06,-27,0.04584
,2011-12-07,-27,0.04324
,2011-12-08,-27,0.04079
,2011-12-09,-27,0.03849
,2011-12-10,-27,0.03633
,2011-12-11,-27,0.0343
,2011-12-12,-27,0.03239
,2011-12-13,-27,0.0306
,2011-12-14,-27,0.02892
,2011-12-15,-27,0.02734
,2011-12-16,-27,0.02585
,2011-12-17,-27,0.02445
,2011-12-18,-27,0.02314
,2011-12-19,-27,0.04882
,2011-12-20,-27,0.05213
,2011-12-21,-27,0.05197
,2011-12-22,-27,0.05073
,2011-12-23,-27,0.04904
,2011-12-24,-27,0.0472
,2011-12-25,-27,0.04536
,2011-12-26,-27,0.04359
,2011-12-27,-27,0.04783
,2011-12-28,-27,0.07696
,2011-12-29,-27,0.09583
,2011-12-30,-27,0.10952
,2011-12-31,-27,0.12891
,2012-01-01,-27,0.14513
,2012-01-02,-27,0.1547
,2012-01-03,-27,0.15871
,2012-01-04,-27,0.15917
,2012-01-05,-27,0.15831
,2012-01-06,-27,0.15669
,2012-01-07,-27,0.15434
,2012-01-08,-27,0.15135
,2012-01-09,-27,0.1478
,2012-01-10,-27,0.14598
,2012-01-11,-27,0.14208
,2012-01-12,-27,0.13749
,2012-01-13,-27,0.13255
,2012-01-14,-27,0.12744
,2012-01-15,-27,0.12226
,2012-01-16,-27,0.11715
,2012-01-17,-27,0.11212
,2012-01-18,-27,0.10716
,2012-01-19,-27,0.10223
,2012-01-20,-27,0.09733
,2012-01-21,-27,0.09249
,2012-01-22,-27,0.08774
,2012-01-23,-27,0.08308
,2012-01-24,-27,0.07856
,2012-01-25,-27,0.07421
,2012-01-26,-27,0.07
,2012-01-27,-27,0.06598
,2012-01-28,-27,0.06215
,2012-01-29,-27,0.05851
,2012-01-30,-27,0.05506
,2012-01-31,-27,0.0518
,2012-02-01,-27,0.04872
,2012-02-02,-27,0.05
,2012-02-03,-27,0.04753
,2012-02-04,-27,0.04498
,2012-02-05,-27,0.04248
,2012-02-06,-27,0.04006
,2012-02-07,-27,0.03775
,2012-02-08,-27,0.03557
,2012-02-09,-27,0.03351
,2012-02-10,-27,0.03157
,2012-02-11,-27,0.02975
,2012-02-12,-27,0.02804
,2012-02-13,-27,0.02643
,2012-02-14,-27,0.02491
,2012-02-15,-27,0.0235
,2012-02-16,-27,0.02218
,2012-02-17,-27,0.02093
,2012-02-18,-27,0.01976
,2012-02-19,-27,0.01867
,2012-02-20,-27,0.01764
,2012-02-21,-27,0.01667
,2012-02-22,-27,0.01576
,2012-02-23,-27,0.01491
,2012-02-24,-27,0.01417
,2012-02-25,-27,0.01345
,2012-02-26,-27,0.01326
,2012-02-27,-27,0.01267
,2012-02-28,-27,0.01208
,2012-02-29,-27,0.0115
,2012-03-01,-27,0.01093
,2012-03-02,-27,0.01039
,2012-03-03,-27,0.00987
,2012-03-04,-27,0.00937
,2012-03-05,-27,0.00905
,2012-03-06,-27,0.03173
,2012-03-07,-27,0.05893
,2012-03-08,-27,0.07326
,2012-03-09,-27,0.08601
,2012-03-10,-27,0.09806
,2012-03-11,-27,0.11247
,2012-03-12,-27,0.12919
,2012-03-13,-27,0.14337
,2012-03-14,-27,0.15436
,2012-03-15,-27,0.16273
,2012-03-16,-27,0.16913
,2012-03-17,-27,0.17379
,2012-03-18,-27,0.17659
,2012-03-19,-27,0.17739
,2012-03-20,-27,0.17615
,2012-03-21,-27,0.17303
,2012-03-22,-27,0.16832
,2012-03-23,-27,0.16236
,2012-03-24,-27,0.15551
,2012-03-25,-27,0.14811
,2012-03-26,-27,0.14044
,2012-03-27,-27,0.13285
,2012-03-28,-27,0.12567
,2012-03-29,-27,0.11931
,2012-03-30,-27,0.11427
,2012-03-31,-27,0.11117
,2012-04-01,-27,0.11087
,2012-04-02,-27,0.11406
,2012-04-03,-27,0.12038
,2012-04-04,-27,0.12826
,2012-04-05,-27,0.13703
,2012-04-06,-27,0.14617
,2012-04-07,-27,0.15469
,2012-04-08,-27,0.16129
,2012-04-09,-27,0.16529
,2012-04-10,-27,0.16723
,2012-04-11,-27,0.16845
,2012-04-12,-27,0.16996
,2012-04-13,-27,0.17227
,2012-04-14,-27,0.17511
,2012-04-15,-27,0.1774
,2012-04-16,-27,0.17804
,2012-04-17,-27,0.17648
,2012-04-18,-27,0.17298
,2012-04-19,-27,0.16898
,2012-04-20,-27,0.16595
,2012-04-21,-27,0.1646
,2012-04-22,-27,0.16574
,2012-04-23,-27,0.17065
,2012-04-24,-27,0.18012
,2012-04-25,-27,0.19348
,2012-04-26,-27,0.208
,2012-04-27,-27,0.21934
,2012-04-28,-27,0.22447
,2012-04-29,-27,0.22305
,2012-04-30,-27,0.21668
,2012-05-01,-27,0.20753
,2012-05-02,-27,0.19751
,2012-05-03,-27,0.18802
,2012-05-04,-27,0.17989
,2012-05-05,-27,0.17343
,2012-05-06,-27,0.16862
,2012-05-07,-27,0.16519
,2012-05-08,-27,0.16282
,2012-05-09,-27,0.16115
,2012-05-10,-27,0.15977
,2012-05-11,-27,0.15815
,2012-05-12,-27,0.15583
,2012-05-13,-27,0.15252
,2012-05-14,-27,0.14816
,2012-05-15,-27,0.14291
,2012-05-16,-27,0.13703
,2012-05-17,-27,0.13076
,2012-05-18,-27,0.12433
,2012-05-19,-27,0.11793
,2012-05-20,-27,0.11165
,2012-05-21,-27,0.10559
,2012-05-22,-27,0.09977
,2012-05-23,-27,0.09424
,2012-05-24,-27,0.089
,2012-05-25,-27,0.08403
,2012-05-26,-27,0.07934
,2012-05-27,-27,0.07493
,2012-05-28,-27,0.07076
,2012-05-29,-27,0.06683
,2012-05-30,-27,0.06313
,2012-05-31,-27,0.05965
,2012-06-01,-27,0.05637
,2012-06-02,-27,0.05328
,2012-06-03,-27,0.05038
,2012-06-04,-27,0.04765
,2012-06-05,-27,0.04507
,2012-06-06,-27,0.04265
,2012-06-07,-27,0.04037
,2012-06-08,-27,0.03822
,2012-06-09,-27,0.0362
,2012-06-10,-27,0.0343
,2012-06-11,-27,0.0325
,2012-06-12,-27,0.03082
,2012-06-13,-27,0.02922
,2012-06-14,-27,0.02772
,2012-06-15,-27,0.02631
,2012-06-16,-27,0.02497
,2012-06-17,-27,0.02372
,2012-06-18,-27,0.02254
,2012-06-19,-27,0.02143
,2012-06-20,-27,0.02037
,2012-06-21,-27,0.01938
,2012-06-22,-27,0.01844
,2012-06-23,-27,0.01756
,2012-06-24,-27,0.01672
,2012-06-25,-27,0.01593
,2012-06-26,-27,0.01519
,2012-06-27,-27,0.01448
,2012-06-28,-27,0.01382
,2012-06-29,-27,0.01319
,2012-06-30,-27,0.01259
,2012-07-01,-27,0.01202
,2012-07-02,-27,0.01149
,2012-07-03,-27,0.01099
,2012-07-04,-27,0.01051
,2012-07-05,-27,0.01006
,2012-07-06,-27,0.01482
,2012-07-07,-27,0.06022
,2012-07-08,-27,0.18528
,2012-07-09,-27,0.29824
,2012-07-10,-27,0.36968
,2012-07-11,-27,0.40716
,2012-07-12,-27,0.41972
,2012-07-13,-27,0.41694
,2012-07-14,-27,0.40534
,2012-07-15,-27,0.38961
,2012-07-16,-27,0.37215
,2012-07-17,-27,0.35395
,2012-07-18,-27,0.33506
,2012-07-19,-27,0.3161
,2012-07-20,-27,0.299
,2012-07-21,-27,0.28563
,2012-07-22,-27,0.27691
,2012-07-23,-27,0.27174
,2012-07-24,-27,0.26597
,2012-07-25,-27,0.25856
,2012-07-26,-27,0.25046
,2012-07-27,-27,0.24069
,2012-07-28,-27,0.23093
,2012-07-29,-27,0.22166
,2012-07-30,-27,0.21295
,2012-07-31,-27,0.20477
,2012-08-01,-27,0.19706
,2012-08-02,-27,0.18975
,2012-08-03,-27,0.18262
,2012-08-04,-27,0.1757
,2012-08-05,-27,0.1689
,2012-08-06,-27,0.16224
,2012-08-07,-27,0.1559
,2012-08-08,-27,0.14985
,2012-08-09,-27,0.14415
,2012-08-10,-27,0.13877
,2012-08-11,-27,0.13363
,2012-08-12,-27,0.12873
,2012-08-13,-27,0.12399
,2012-08-14,-27,0.11929
,2012-08-15,-27,0.11454
,2012-08-16,-27,0.10967
,2012-08-17,-27,0.10471
,2012-08-18,-27,0.09969
,2012-08-19,-27,0.09469
,2012-08-20,-27,0.08975
,2012-08-21,-27,0.08493
,2012-08-22,-27,0.08028
,2012-08-23,-27,0.07584
,2012-08-24,-27,0.07157
,2012-08-25,-27,0.06752
,2012-08-26,-27,0.06368
,2012-08-27,-27,0.06006
,2012-08-28,-27,0.05663
,2012-08-29,-27,0.05341
,2012-08-30,-27,0.05037
,2012-08-31,-27,0.0475
,2012-09-01,-27,0.04481
,2012-09-02,-27,0.04228
,2012-09-03,-27,0.03989
,2012-09-04,-27,0.03765
,2012-09-05,-27,0.03555
,2012-09-06,-27,0.03357
,2012-09-07,-27,0.03171
,2012-09-08,-27,0.02996
,2012-09-09,-27,0.02832
,2012-09-10,-27,0.02678
,2012-09-11,-27,0.02533
,2012-09-12,-27,0.02395
,2012-09-13,-27,0.02267
,2012-09-14,-27,0.02147
,2012-09-15,-27,0.02034
,2012-09-16,-27,0.01927
,2012-09-17,-27,0.01827
,2012-09-18,-27,0.01732
,2012-09-19,-27,0.01644
,2012-09-20,-27,0.0156
,2012-09-21,-27,0.01481
,2012-09-22,-27,0.01407
,2012-09-23,-27,0.01337
,2012-09-24,-27,0.01271
,2012-09-25,-27,0.01209
,2012-09-26,-27,0.01151
,2012-09-27,-27,0.01096
,2012-09-28,-27,0.01044
,2012-09-29,-27,0.00994
,2012-09-30,-27,0.00948
,2012-10-01,-27,0.00905
,2012-10-02,-27,0.00863
,2012-10-03,-27,0.00824
,2012-10-04,-27,0.00787
,2012-10-05,-27,0.00752
,2012-10-06,-27,0.00719
,2012-10-07,-27,0.00688
,2012-10-08,-27,0.00762
,2012-10-09,-27,0.00758
,2012-10-10,-27,0.00746
,2012-10-11,-27,0.0073
,2012-10-12,-27,0.00711
,2012-10-13,-27,0.00691
,2012-10-14,-27,0.00671
,2012-10-15,-27,0.0065
,2012-10-16,-27,0.00631
,2012-10-17,-27,0.00613
,2012-10-18,-27,0.00596
,2012-10-19,-27,0.0058
,2012-10-20,-27,0.00566
,2012-10-21,-27,0.00553
,2012-10-22,-27,0.00542
,2012-10-23,-27,0.00532
,2012-10-24,-27,0.00523
,2012-10-25,-27,0.00515
,2012-10-26,-27,0.00565
,2012-10-27,-27,0.00611
,2012-10-28,-27,0.00649
,2012-10-29,-27,0.01749
,2012-10-30,-27,0.02288
,2012-10-31,-27,0.02856
,2012-11-01,-27,0.03496
,2012-11-02,-27,0.04128
,2012-11-03,-27,0.04729
,2012-11-04,-27,0.05281
,2012-11-05,-27,0.05763
,2012-11-06,-27,0.06154
,2012-11-07,-27,0.06444
,2012-11-08,-27,0.06629
,2012-11-09,-27,0.06717
,2012-11-10,-27,0.06718
,2012-11-11,-27,0.06648
,2012-11-12,-27,0.06524
,2012-11-13,-27,0.06354
,2012-11-14,-27,0.06153
,2012-11-15,-27,0.05931
,2012-11-16,-27,0.05696
,2012-11-17,-27,0.05454
,2012-11-18,-27,0.0521
,2012-11-19,-27,0.04969
,2012-11-20,-27,0.04732
,2012-11-21,-27,0.04501
,2012-11-22,-27,0.04277
,2012-11-23,-27,0.04062
,2012-11-24,-27,0.03856
,2012-11-25,-27,0.03659
,2012-11-26,-27,0.03472
,2012-11-27,-27,0.03293
,2012-11-28,-27,0.03125
,2012-11-29,-27,0.02966
,2012-11-30,-27,0.02816
,2012-12-01,-27,0.02674
,2012-12-02,-27,0.0254
,2012-12-03,-27,0.02413
,2012-12-04,-27,0.02294
,2012-12-05,-27,0.02182
,2012-12-06,-27,0.02075
,2012-12-07,-27,0.01974
,2012-12-08,-27,0.01879
,2012-12-09,-27,0.01789
,2012-12-10,-27,0.01703
,2012-12-11,-27,0.01622
,2012-12-12,-27,0.01545
,2012-12-13,-27,0.01473
,2012-12-14,-27,0.01404
,2012-12-15,-27,0.01338
,2012-12-16,-27,0.01277
,2012-12-17,-27,0.01218
,2012-12-18,-27,0.01163
,2012-12-19,-27,0.0111
,2012-12-20,-27,0.0106
,2012-12-21,-27,0.01013
,2012-12-22,-27,0.00968
,2012-12-23,-27,0.01318
,2012-12-24,-27,0.01323
,2012-12-25,-27,0.01305
,2012-12-26,-27,0.01271
,2012-12-27,-27,0.01228
,2012-12-28,-27,0.01179
,2012-12-29,-27,0.01128
,2012-12-30,-27,0.01076
,2012-12-31,-27,0.01025
,2013-01-01,-27,0.00975
,2013-01-02,-27,0.00927
,2013-01-03,-27,0.00881
,2013-01-04,-27,0.00837
,2013-01-05,-27,0.00796
,2013-01-06,-27,0.00756
,2013-01-07,-27,0.00719
,2013-01-08,-27,0.00684
,2013-01-09,-27,0.00652
,2013-01-10,-27,0.00632
,2013-01-11,-27,0.00661
,2013-01-12,-27,0.00693
,2013-01-13,-27,0.00722
,2013-01-14,-27,0.00743
,2013-01-15,-27,0.00757
,2013-01-16,-27,0.00762
,2013-01-17,-27,0.0076
,2013-01-18,-27,0.00751
,2013-01-19,-27,0.00738
,2013-01-20,-27,0.00721
,2013-01-21,-27,0.007
,2013-01-22,-27,0.00678
,2013-01-23,-27,0.00664
,2013-01-24,-27,0.0066
,2013-01-25,-27,0.00667
,2013-01-26,-27,0.00682
,2013-01-27,-27,0.00704
,2013-01-28,-27,0.00734
,2013-01-29,-27,0.00771
,2013-01-30,-27,0.00812
,2013-01-31,-27,0.00855
,2013-02-01,-27,0.00897
,2013-02-02,-27,0.00935
,2013-02-03,-27,0.00965
,2013-02-04,-27,0.0099
,2013-02-05,-27,0.01006
,2013-02-06,-27,0.01014
,2013-02-07,-27,0.01014
,2013-02-08,-27,0.01007
,2013-02-09,-27,0.00995
,2013-02-10,-27,0.00978
,2013-02-11,-27,0.00956
,2013-02-12,-27,0.00932
,2013-02-13,-27,0.00905
,2013-02-14,-27,0.00877
,2013-02-15,-27,0.00847
,2013-02-16,-27,0.00817
,2013-02-17,-27,0.00787
,2013-02-18,-27,0.00757
,2013-02-19,-27,0.00728
,2013-02-20,-27,0.00699
,2013-02-21,-27,0.0067
,2013-02-22,-27,0.00643
,2013-02-23,-27,0.00617
,2013-02-24,-27,0.00591
,2013-02-25,-27,0.00566
,2013-02-26,-27,0.00543
,2013-02-27,-27,0.0052
,2013-02-28,-27,0.00498
,2013-03-01,-27,0.00478
,2013-03-02,-27,0.00458
,2013-03-03,-27,0.00439
,2013-03-04,-27,0.00428
,2013-03-05,-27,0.00419
,2013-03-06,-27,0.00415
,2013-03-07,-27,0.00671
,2013-03-08,-27,0.01308
,2013-03-09,-27,0.02044
,2013-03-10,-27,0.02631
,2013-03-11,-27,0.03014
,2013-03-12,-27,0.03226
,2013-03-13,-27,0.03313
,2013-03-14,-27,0.08365
,2013-03-15,-27,0.11191
,2013-03-16,-27,0.13252
,2013-03-17,-27,0.1493
,2013-03-18,-27,0.16233
,2013-03-19,-27,0.16936
,2013-03-20,-27,0.17199
,2013-03-21,-27,0.1704
,2013-03-22,-27,0.16721
,2013-03-23,-27,0.16332
,2013-03-24,-27,0.15898
,2013-03-25,-27,0.15435
,2013-03-26,-27,0.14954
,2013-03-27,-27,0.1446
,2013-03-28,-27,0.15666
,2013-03-29,-27,0.18571
,2013-03-30,-27,0.19244
,2013-03-31,-27,0.19364
,2013-04-01,-27,0.19047
,2013-04-02,-27,0.18591
,2013-04-03,-27,0.18153
,2013-04-04,-27,0.17795
,2013-04-05,-27,0.17569
,2013-04-06,-27,0.17417
,2013-04-07,-27,0.17232
,2013-04-08,-27,0.16934
,2013-04-09,-27,0.16492
,2013-04-10,-27,0.15924
,2013-04-11,-27,0.15269
,2013-04-12,-27,0.14564
,2013-04-13,-27,0.15535
,2013-04-14,-27,0.15297
,2013-04-15,-27,0.14899
,2013-04-16,-27,0.14416
,2013-04-17,-27,0.1387
,2013-04-18,-27,0.1328
,2013-04-19,-27,0.12663
,2013-04-20,-27,0.12039
,2013-04-21,-27,0.12766
,2013-04-22,-27,0.23029
,2013-04-23,-27,0.25344
,2013-04-24,-27,0.25429
,2013-04-25,-27,0.24664
,2013-04-26,-27,0.36911
,2013-04-27,-27,0.44654
,2013-04-28,-27,0.51881
,2013-04-29,-27,0.57933
,2013-04-30,-27,0.62105
,2013-05-01,-27,0.65404
,2013-05-02,-27,0.66461
,2013-05-03,-27,0.65959
,2013-05-04,-27,0.72582
,2013-05-05,-27,0.73674
,2013-05-06,-27,0.7224
,2013-05-07,-27,0.69843
,2013-05-08,-27,0.67074
,2013-05-09,-27,0.646
,2013-05-10,-27,0.61181
,2013-05-11,-27,0.57631
,2013-05-12,-27,0.54037
,2013-05-13,-27,0.50647
,2013-05-14,-27,0.4768
,2013-05-15,-27,0.45467
,2013-05-16,-27,0.44489
,2013-05-17,-27,0.45294
,2013-05-18,-27,0.47168
,2013-05-19,-27,0.48984
,2013-05-20,-27,0.50112
,2013-05-21,-27,0.50203
,2013-05-22,-27,0.49216
,2013-05-23,-27,0.4746
,2013-05-24,-27,0.45385
,2013-05-25,-27,0.4352
,2013-05-26,-27,0.42547
,2013-05-27,-27,0.4286
,2013-05-28,-27,0.44287
,2013-05-29,-27,0.46203
,2013-05-30,-27,0.47831
,2013-05-31,-27,0.48696
,2013-06-01,-27,0.48699
,2013-06-02,-27,0.47746
,2013-06-03,-27,0.45961
,2013-06-04,-27,0.43675
,2013-06-05,-27,0.41217
,2013-06-06,-27,0.38712
,2013-06-07,-27,0.36277
,2013-06-08,-27,0.34024
,2013-06-09,-27,0.31976
,2013-06-10,-27,0.30125
,2013-06-11,-27,0.28479
,2013-06-12,-27,0.27035
,2013-06-13,-27,0.25791
,2013-06-14,-27,0.24733
,2013-06-15,-27,0.23838
,2013-06-16,-27,0.23053
,2013-06-17,-27,0.22301
,2013-06-18,-27,0.21519
,2013-06-19,-27,0.20675
,2013-06-20,-27,0.19768
,2013-06-21,-27,0.18817
,2013-06-22,-27,0.17849
,2013-06-23,-27,0.16887
,2013-06-24,-27,0.15948
,2013-06-25,-27,0.15045
,2013-06-26,-27,0.14183
,2013-06-27,-27,0.13367
,2013-06-28,-27,0.12595
,2013-06-29,-27,0.11869
,2013-06-30,-27,0.11185
,2013-07-01,-27,0.10541
,2013-07-02,-27,0.09936
,2013-07-03,-27,0.09367
,2013-07-04,-27,0.08832
,2013-07-05,-27,0.08329
,2013-07-06,-27,0.07856
,2013-07-07,-27,0.07413
,2013-07-08,-27,0.06994
,2013-07-09,-27,0.066
,2013-07-10,-27,0.0623
,2013-07-11,-27,0.05883
,2013-07-12,-27,0.05556
,2013-07-13,-27,0.05248
,2013-07-14,-27,0.06366
,2013-07-15,-27,0.06332
,2013-07-16,-27,0.06203
,2013-07-17,-27,0.0603
,2013-07-18,-27,0.05833
,2013-07-19,-27,0.0562
,2013-07-20,-27,0.05398
,2013-07-21,-27,0.05172
,2013-07-22,-27,0.04945
,2013-07-23,-27,0.0472
,2013-07-24,-27,0.04578
,2013-07-25,-27,0.04418
,2013-07-26,-27,0.04241
,2013-07-27,-27,0.04059
,2013-07-28,-27,0.03877
,2013-07-29,-27,0.037
,2013-07-30,-27,0.03529
,2013-07-31,-27,0.03365
,2013-08-01,-27,0.03206
,2013-08-02,-27,0.03055
,2013-08-03,-27,0.02909
,2013-08-04,-27,0.0277
,2013-08-05,-27,0.02637
,2013-08-06,-27,0.02509
,2013-08-07,-27,0.02388
,2013-08-08,-27,0.02273
,2013-08-09,-27,0.02163
,2013-08-10,-27,0.02058
,2013-08-11,-27,0.01959
,2013-08-12,-27,0.01864
,2013-08-13,-27,0.01774
,2013-08-14,-27,0.01689
,2013-08-15,-27,0.01608
,2013-08-16,-27,0.01531
,2013-08-17,-27,0.01459
,2013-08-18,-27,0.0139
,2013-08-19,-27,0.01324
,2013-08-20,-27,0.01262
,2013-08-21,-27,0.01203
,2013-08-22,-27,0.01147
,2013-08-23,-27,0.01094
,2013-08-24,-27,0.01044
,2013-08-25,-27,0.00996
,2013-08-26,-27,0.01049
,2013-08-27,-27,0.01029
,2013-08-28,-27,0.01002
,2013-08-29,-27,0.00971
,2013-08-30,-27,0.00938
,2013-08-31,-27,0.00904
,2013-09-01,-27,0.0087
,2013-09-02,-27,0.00836
,2013-09-03,-27,0.00803
,2013-09-04,-27,0.00771
,2013-09-05,-27,0.0074
,2013-09-06,-27,0.0071
,2013-09-07,-27,0.00681
,2013-09-08,-27,0.00653
,2013-09-09,-27,0.00908
,2013-09-10,-27,0.04049
,2013-09-11,-27,3.53603
,2013-09-12,-27,9.21543
,2013-09-13,-27,5.65396
,2013-09-14,-27,3.57713
,2013-09-15,-27,3.01323
,2013-09-16,-27,2.38211
,2013-09-17,-27,1.93694
,2013-09-18,-27,1.59929
,2013-09-19,-27,1.3633
,2013-09-20,-27,1.1931
,2013-09-21,-27,1.06311
,2013-09-22,-27,0.95898
,2013-09-23,-27,0.87256
,2013-09-24,-27,0.7991
,2013-09-25,-27,0.73544
,2013-09-26,-27,0.67933
,2013-09-27,-27,0.6293
,2013-09-28,-27,0.58422
,2013-09-29,-27,0.54317
,2013-09-30,-27,0.5055
,2013-10-01,-27,0.47084
,2013-10-02,-27,0.43907
,2013-10-03,-27,0.4099
,2013-10-04,-27,0.38297
,2013-10-05,-27,0.35802
,2013-10-06,-27,0.33616
,2013-10-07,-27,0.32213
,2013-10-08,-27,0.31586
,2013-10-09,-27,0.31371
,2013-10-10,-27,0.31249
,2013-10-11,-27,0.31105
,2013-10-12,-27,0.3096
,2013-10-13,-27,0.30878
,2013-10-14,-27,0.31037
,2013-10-15,-27,0.31566
,2013-10-16,-27,0.32453
,2013-10-17,-27,0.35306
,2013-10-18,-27,0.38117
,2013-10-19,-27,0.40099
,2013-10-20,-27,0.42046
,2013-10-21,-27,0.4355
,2013-10-22,-27,0.44406
,2013-10-23,-27,0.44708
,2013-10-24,-27,0.44691
,2013-10-25,-27,0.44513
,2013-10-26,-27,0.44168
,2013-10-27,-27,0.43614
,2013-10-28,-27,0.42747
,2013-10-29,-27,0.41597
,2013-10-30,-27,0.40303
,2013-10-31,-27,0.39009
,2013-11-01,-27,0.37805
,2013-11-02,-27,0.36689
,2013-11-03,-27,0.35631
,2013-11-04,-27,0.34573
,2013-11-05,-27,0.33468
,2013-11-06,-27,0.32334
,2013-11-07,-27,0.31166
,2013-11-08,-27,0.3001
,2013-11-09,-27,0.28895
,2013-11-10,-27,0.27854
,2013-11-11,-27,0.26932
,2013-11-12,-27,0.26166
,2013-11-13,-27,0.2558
,2013-11-14,-27,0.25179
,2013-11-15,-27,0.2498
,2013-11-16,-27,0.25049
,2013-11-17,-27,0.25377
,2013-11-18,-27,0.25947
,2013-11-19,-27,0.26775
,2013-11-20,-27,0.2791
,2013-11-21,-27,0.29253
,2013-11-22,-27,0.3067
,2013-11-23,-27,0.32048
,2013-11-24,-27,0.33298
,2013-11-25,-27,0.34382
,2013-11-26,-27,0.35284
,2013-11-27,-27,0.36004
,2013-11-28,-27,0.37241
,2013-11-29,-27,0.37728
,2013-11-30,-27,0.38092
,2013-12-01,-27,0.38541
,2013-12-02,-27,0.39234
,2013-12-03,-27,0.40285
,2013-12-04,-27,0.41212
,2013-12-05,-27,0.4175
,2013-12-06,-27,0.41921
,2013-12-07,-27,0.418
,2013-12-08,-27,0.41279
,2013-12-09,-27,0.40537
,2013-12-10,-27,0.39548
,2013-12-11,-27,0.3833
,2013-12-12,-27,0.36959
,2013-12-13,-27,0.3552
,2013-12-14,-27,0.34006
,2013-12-15,-27,0.32616
,2013-12-16,-27,0.31413
,2013-12-17,-27,0.30559
,2013-12-18,-27,0.29708
,2013-12-19,-27,0.28719
,2013-12-20,-27,0.2751
,2013-12-21,-27,0.26216
,2013-12-22,-27,0.24863
,2013-12-23,-27,0.23418
,2013-12-24,-27,0.21949
,2013-12-25,-27,0.20503
,2013-12-26,-27,0.19113
,2013-12-27,-27,0.178
,2013-12-28,-27,0.16574
,2013-12-29,-27,0.15434
,2013-12-30,-27,0.14377
,2013-12-31,-27,0.13399
,2014-01-01,-27,0.12494
,2014-01-02,-27,0.11657
,2014-01-03,-27,0.10887
,2014-01-04,-27,0.10183
,2014-01-05,-27,0.09536
,2014-01-06,-27,0.08938
,2014-01-07,-27,0.08383
,2014-01-08,-27,0.07866
,2014-01-09,-27,0.07385
,2014-01-10,-27,0.06933
,2014-01-11,-27,0.06511
,2014-01-12,-27,0.06118
,2014-01-13,-27,0.05754
,2014-01-14,-27,0.05418
,2014-01-15,-27,0.05109
,2014-01-16,-27,0.04825
,2014-01-17,-27,0.04536
,2014-01-18,-27,0.04736
,2014-01-19,-27,0.05013
,2014-01-20,-27,0.04982
,2014-01-21,-27,0.04855
,2014-01-22,-27,0.04783
,2014-01-23,-27,0.04705
,2014-01-24,-27,0.04598
,2014-01-25,-27,0.04487
,2014-01-26,-27,0.04377
,2014-01-27,-27,0.04257
,2014-01-28,-27,0.04122
,2014-01-29,-27,0.03972
,2014-01-30,-27,0.0381
,2014-01-31,-27,0.03639
,2014-02-01,-27,0.03463
,2014-02-02,-27,0.03287
,2014-02-03,-27,0.03112
,2014-02-04,-27,0.02941
,2014-02-05,-27,0.02775
,2014-02-06,-27,0.02616
,2014-02-07,-27,0.02463
,2014-02-08,-27,0.02319
,2014-02-09,-27,0.02183
,2014-02-10,-27,0.02054
,2014-02-11,-27,0.01933
,2014-02-12,-27,0.0182
,2014-02-13,-27,0.01713
,2014-02-14,-27,0.01613
,2014-02-15,-27,0.01519
,2014-02-16,-27,0.01431
,2014-02-17,-27,0.03002
,2014-02-18,-27,0.05925
,2014-02-19,-27,0.07375
,2014-02-20,-27,0.08322
,2014-02-21,-27,0.09316
,2014-02-22,-27,0.10062
,2014-02-23,-27,0.10422
,2014-02-24,-27,0.10492
,2014-02-25,-27,0.10613
,2014-02-26,-27,0.10628
,2014-02-27,-27,0.10515
,2014-02-28,-27,0.10522
,2014-03-01,-27,0.10618
,2014-03-02,-27,0.10663
,2014-03-03,-27,0.10583
,2014-03-04,-27,0.10432
,2014-03-05,-27,0.10143
,2014-03-06,-27,0.09774
,2014-03-07,-27,0.09491
,2014-03-08,-27,0.0913
,2014-03-09,-27,0.08742
,2014-03-10,-27,0.08469
,2014-03-11,-27,0.08436
,2014-03-12,-27,0.08721
,2014-03-13,-27,0.09048
,2014-03-14,-27,0.10579
,2014-03-15,-27,0.11418
,2014-03-16,-27,0.12074
,2014-03-17,-27,0.1254
,2014-03-18,-27,0.12884
,2014-03-19,-27,0.13265
,2014-03-20,-27,0.13642
,2014-03-21,-27,0.13889
,2014-03-22,-27,0.13933
,2014-03-23,-27,0.13787
,2014-03-24,-27,0.13509
,2014-03-25,-27,0.13149
,2014-03-26,-27,0.12755
,2014-03-27,-27,0.12398
,2014-03-28,-27,0.1213
,2014-03-29,-27,0.11969
,2014-03-30,-27,0.11939
,2014-03-31,-27,0.12036
,2014-04-01,-27,0.12212
,2014-04-02,-27,0.12518
,2014-04-03,-27,0.12679
,2014-04-04,-27,0.12725
,2014-04-05,-27,0.12816
,2014-04-06,-27,0.14742
,2014-04-07,-27,0.1547
,2014-04-08,-27,0.15463
,2014-04-09,-27,0.15312
,2014-04-10,-27,0.1538
,2014-04-11,-27,0.15927
,2014-04-12,-27,0.16866
,2014-04-13,-27,0.17898
,2014-04-14,-27,0.18726
,2014-04-15,-27,0.19185
,2014-04-16,-27,0.22839
,2014-04-17,-27,0.23106
,2014-04-18,-27,0.22933
,2014-04-19,-27,0.22431
,2014-04-20,-27,0.21692
,2014-04-21,-27,0.20802
,2014-04-22,-27,0.19831
,2014-04-23,-27,0.18836
,2014-04-24,-27,0.17865
,2014-04-25,-27,0.16964
,2014-04-26,-27,0.16163
,2014-04-27,-27,0.15501
,2014-04-28,-27,0.14968
,2014-04-29,-27,0.14501
,2014-04-30,-27,0.14035
,2014-05-01,-27,0.13528
,2014-05-02,-27,0.12966
,2014-05-03,-27,0.12414
,2014-05-04,-27,0.11993
,2014-05-05,-27,0.11895
,2014-05-06,-27,0.12423
,2014-05-07,-27,0.1381
,2014-05-08,-27,0.16009
,2014-05-09,-27,0.18629
,2014-05-10,-27,0.21685
,2014-05-11,-27,0.27629
,2014-05-12,-27,0.29111
,2014-05-13,-27,0.29276
,2014-05-14,-27,0.28628
,2014-05-15,-27,0.32511
,2014-05-16,-27,0.4094
,2014-05-17,-27,0.44963
,2014-05-18,-27,0.47428
,2014-05-19,-27,0.49453
,2014-05-20,-27,0.52116
,2014-05-21,-27,0.5539
,2014-05-22,-27,0.58179
,2014-05-23,-27,0.60252
,2014-05-24,-27,0.6253
,2014-05-25,-27,0.63607
,2014-05-26,-27,0.63162
,2014-05-27,-27,0.61864
,2014-05-28,-27,0.60434
,2014-05-29,-27,0.59305
,2014-05-30,-27,0.58553
,2014-05-31,-27,0.57687
,2014-06-01,-27,0.56378
,2014-06-02,-27,0.54578
,2014-06-03,-27,0.52215
,2014-06-04,-27,0.49468
,2014-06-05,-27,0.4672
,2014-06-06,-27,0.44164
,2014-06-07,-27,0.41875
,2014-06-08,-27,0.3988
,2014-06-09,-27,0.38003
,2014-06-10,-27,0.36139
,2014-06-11,-27,0.34311
,2014-06-12,-27,0.3261
,2014-06-13,-27,0.31094
,2014-06-14,-27,0.2979
,2014-06-15,-27,0.28685
,2014-06-16,-27,0.27744
,2014-06-17,-27,0.26883
,2014-06-18,-27,0.26032
,2014-06-19,-27,0.25177
,2014-06-20,-27,0.24336
,2014-06-21,-27,0.23535
,2014-06-22,-27,0.22796
,2014-06-23,-27,0.22132
,2014-06-24,-27,0.21543
,2014-06-25,-27,0.21023
,2014-06-26,-27,0.20536
,2014-06-27,-27,0.20023
,2014-06-28,-27,0.19436
,2014-06-29,-27,0.18754
,2014-06-30,-27,0.17985
,2014-07-01,-27,0.17154
,2014-07-02,-27,0.16292
,2014-07-03,-27,0.15426
,2014-07-04,-27,0.14575
,2014-07-05,-27,0.13753
,2014-07-06,-27,0.12967
,2014-07-07,-27,0.12222
,2014-07-08,-27,0.11518
,2014-07-09,-27,0.10854
,2014-07-10,-27,0.1023
,2014-07-11,-27,0.09643
,2014-07-12,-27,0.09091
,2014-07-13,-27,0.08573
,2014-07-14,-27,0.08085
,2014-07-15,-27,0.07626
,2014-07-16,-27,0.07197
,2014-07-17,-27,0.06792
,2014-07-18,-27,0.0641
,2014-07-19,-27,0.06052
,2014-07-20,-27,0.05716
,2014-07-21,-27,0.05399
,2014-07-22,-27,0.05102
,2014-07-23,-27,0.04822
,2014-07-24,-27,0.04559
,2014-07-25,-27,0.04312
,2014-07-26,-27,0.04079
,2014-07-27,-27,0.0386
,2014-07-28,-27,0.03654
,2014-07-29,-27,0.037
,2014-07-30,-27,0.06083
,2014-07-31,-27,0.06381
,2014-08-01,-27,0.06372
,2014-08-02,-27,0.06229
,2014-08-03,-27,0.06017
,2014-08-04,-27,0.05771
,2014-08-05,-27,0.05511
,2014-08-06,-27,0.05247
,2014-08-07,-27,0.04992
,2014-08-08,-27,0.04759
,2014-08-09,-27,0.04586
,2014-08-10,-27,0.04542
,2014-08-11,-27,0.04587
,2014-08-12,-27,0.04598
,2014-08-13,-27,0.04513
,2014-08-14,-27,0.04358
,2014-08-15,-27,0.04162
,2014-08-16,-27,0.03945
,2014-08-17,-27,0.03719
,2014-08-18,-27,0.03497
,2014-08-19,-27,0.03288
,2014-08-20,-27,0.03094
,2014-08-21,-27,0.02915
,2014-08-22,-27,0.02749
,2014-08-23,-27,0.02595
,2014-08-24,-27,0.02451
,2014-08-25,-27,0.02317
,2014-08-26,-27,0.02191
,2014-08-27,-27,0.02073
,2014-08-28,-27,0.01962
,2014-08-29,-27,0.01857
,2014-08-30,-27,0.01758
,2014-08-31,-27,0.01665
,2014-09-01,-27,0.01578
,2014-09-02,-27,0.01495
,2014-09-03,-27,0.01417
,2014-09-04,-27,0.01343
,2014-09-05,-27,0.01274
,2014-09-06,-27,0.01209
,2014-09-07,-27,0.01147
,2014-09-08,-27,0.01089
,2014-09-09,-27,0.01034
,2014-09-10,-27,0.00982
,2014-09-11,-27,0.00934
,2014-09-12,-27,0.00888
,2014-09-13,-27,0.00844
,2014-09-14,-27,0.00803
,2014-09-15,-27,0.00765
,2014-09-16,-27,0.00728
,2014-09-17,-27,0.00694
,2014-09-18,-27,0.00661
,2014-09-19,-27,0.00631
,2014-09-20,-27,0.00602
,2014-09-21,-27,0.00575
,2014-09-22,-27,0.00549
,2014-09-23,-27,0.00525
,2014-09-24,-27,0.00502
,2014-09-25,-27,0.0048
,2014-09-26,-27,0.00459
,2014-09-27,-27,0.0044
,2014-09-28,-27,0.00422
,2014-09-29,-27,0.00404
,2014-09-30,-27,0.00388
,2014-10-01,-27,0.00372
,2014-10-02,-27,0.00357
,2014-10-03,-27,0.00343
,2014-10-04,-27,0.0033
,2014-10-05,-27,0.00317
,2014-10-06,-27,0.00306
,2014-10-07,-27,0.00294
,2014-10-08,-27,0.00284
,2014-10-09,-27,0.00361
,2014-10-10,-27,0.00391
,2014-10-11,-27,0.00407
,2014-10-12,-27,0.00417
,2014-10-13,-27,0.00421
,2014-10-14,-27,0.00421
,2014-10-15,-27,0.00417
,2014-10-16,-27,0.00412
,2014-10-17,-27,0.00404
,2014-10-18,-27,0.00395
,2014-10-19,-27,0.00386
,2014-10-20,-27,0.00375
,2014-10-21,-27,0.00364
,2014-10-22,-27,0.00353
,2014-10-23,-27,0.00342
,2014-10-24,-27,0.00331
,2014-10-25,-27,0.0032
,2014-10-26,-27,0.0031
,2014-10-27,-27,0.00299
,2014-10-28,-27,0.00289
,2014-10-29,-27,0.00279
,2014-10-30,-27,0.00269
,2014-10-31,-27,0.00259
,2014-11-01,-27,0.0025
,2014-11-02,-27,0.00241
,2014-11-03,-27,0.00233
,2014-11-04,-27,0.00224
,2014-11-05,-27,0.00216
,2014-11-06,-27,0.00209
,2014-11-07,-27,0.00202
,2014-11-08,-27,0.00195
,2014-11-09,-27,0.00188
,2014-11-10,-27,0.00182
,2014-11-11,-27,0.00176
,2014-11-12,-27,0.0017
,2014-11-13,-27,0.00165
,2014-11-14,-27,0.0016
,2014-11-15,-27,0.00155
,2014-11-16,-27,0.0015
,2014-11-17,-27,0.00146
,2014-11-18,-27,0.00142
,2014-11-19,-27,0.00138
,2014-11-20,-27,0.00135
,2014-11-21,-27,0.00132
,2014-11-22,-27,0.00193
,2014-11-23,-27,0.0036
,2014-11-24,-27,0.00402
,2014-11-25,-27,0.00435
,2014-11-26,-27,0.00462
,2014-11-27,-27,0.00482
,2014-11-28,-27,0.00499
,2014-11-29,-27,0.00514
,2014-11-30,-27,0.0053
,2014-12-01,-27,0.00548
,2014-12-02,-27,0.00571
,2014-12-03,-27,0.00601
,2014-12-04,-27,0.0064
,2014-12-05,-27,0.00689
,2014-12-06,-27,0.00746
,2014-12-07,-27,0.0081
,2014-12-08,-27,0.00879
,2014-12-09,-27,0.00949
,2014-12-10,-27,0.01017
,2014-12-11,-27,0.01079
,2014-12-12,-27,0.01134
,2014-12-13,-27,0.01178
,2014-12-14,-27,0.01213
,2014-12-15,-27,0.01239
,2014-12-16,-27,0.01261
,2014-12-17,-27,0.01276
,2014-12-18,-27,0.01286
,2014-12-19,-27,0.01292
,2014-12-20,-27,0.01296
,2014-12-21,-27,0.01385
,2014-12-22,-27,0.01402
,2014-12-23,-27,0.0142
,2014-12-24,-27,0.01427
,2014-12-25,-27,0.01424
,2014-12-26,-27,0.01414
,2014-12-27,-27,0.01399
,2014-12-28,-27,0.0138
,2014-12-29,-27,0.01357
,2014-12-30,-27,0.01332
,2014-12-31,-27,0.01305
,2015-01-01,-27,0.01276
,2015-01-02,-27,0.01246
,2015-01-03,-27,0.01215
,2015-01-04,-27,0.01184
,2015-01-05,-27,0.01151
,2015-01-06,-27,0.01119
,2015-01-07,-27,0.01087
,2015-01-08,-27,0.01054
,2015-01-09,-27,0.01022
,2015-01-10,-27,0.0099
,2015-01-11,-27,0.01137
,2015-01-12,-27,0.01152
,2015-01-13,-27,0.01143
,2015-01-14,-27,0.01122
,2015-01-15,-27,0.01094
,2015-01-16,-27,0.0262
,2015-01-17,-27,0.03346
,2015-01-18,-27,0.03734
,2015-01-19,-27,0.0406
,2015-01-20,-27,0.04338
,2015-01-21,-27,0.04553
,2015-01-22,-27,0.04696
,2015-01-23,-27,0.04766
,2015-01-24,-27,0.04773
,2015-01-25,-27,0.04816
,2015-01-26,-27,0.04716
,2015-01-27,-27,0.04623
,2015-01-28,-27,0.04555
,2015-01-29,-27,0.04515
,2015-01-30,-27,0.04503
,2015-01-31,-27,0.04513
,2015-02-01,-27,0.04533
,2015-02-02,-27,0.04554
,2015-02-03,-27,0.0469
,2015-02-04,-27,0.04728
,2015-02-05,-27,0.04709
,2015-02-06,-27,0.04947
,2015-02-07,-27,0.05316
,2015-02-08,-27,0.05745
,2015-02-09,-27,0.06181
,2015-02-10,-27,0.06586
,2015-02-11,-27,0.0693
,2015-02-12,-27,0.07192
,2015-02-13,-27,0.07357
,2015-02-14,-27,0.07425
,2015-02-15,-27,0.07403
,2015-02-16,-27,0.07301
,2015-02-17,-27,0.07187
,2015-02-18,-27,0.06994
,2015-02-19,-27,0.0692
,2015-02-20,-27,0.10883
,2015-02-21,-27,0.11622
,2015-02-22,-27,0.11816
,2015-02-23,-27,0.11671
,2015-02-24,-27,0.11348
,2015-02-25,-27,0.10888
,2015-02-26,-27,0.10347
,2015-02-27,-27,0.09771
,2015-02-28,-27,0.09196
,2015-03-01,-27,0.08641
,2015-03-02,-27,0.08115
,2015-03-03,-27,0.07619
,2015-03-04,-27,0.07155
,2015-03-05,-27,0.06718
,2015-03-06,-27,0.06309
,2015-03-07,-27,0.05927
,2015-03-08,-27,0.05594
,2015-03-09,-27,0.05333
,2015-03-10,-27,0.05191
,2015-03-11,-27,0.09551
,2015-03-12,-27,0.20551
,2015-03-13,-27,0.28889
,2015-03-14,-27,0.33547
,2015-03-15,-27,0.35955
,2015-03-16,-27,0.37466
,2015-03-17,-27,0.38987
,2015-03-18,-27,0.4058
,2015-03-19,-27,0.42006
,2015-03-20,-27,0.42655
,2015-03-21,-27,0.42546
,2015-03-22,-27,0.41959
,2015-03-23,-27,0.41091
,2015-03-24,-27,0.40145
,2015-03-25,-27,0.39204
,2015-03-26,-27,0.3826
,2015-03-27,-27,0.37196
,2015-03-28,-27,0.36073
,2015-03-29,-27,0.35253
,2015-03-30,-27,0.34924
,2015-03-31,-27,0.34992
,2015-04-01,-27,0.35229
,2015-04-02,-27,0.35328
,2015-04-03,-27,0.34989
,2015-04-04,-27,0.34066
,2015-04-05,-27,0.33134
,2015-04-06,-27,0.31885
,2015-04-07,-27,0.30451
,2015-04-08,-27,0.28995
,2015-04-09,-27,0.27609
,2015-04-10,-27,0.26352
,2015-04-11,-27,0.25254
,2015-04-12,-27,0.24338
,2015-04-13,-27,0.23607
,2015-04-14,-27,0.23066
,2015-04-15,-27,0.22744
,2015-04-16,-27,0.31343
,2015-04-17,-27,0.36107
,2015-04-18,-27,0.43694
,2015-04-19,-27,0.48965
,2015-04-20,-27,0.50045
,2015-04-21,-27,0.49222
,2015-04-22,-27,0.48037
,2015-04-23,-27,0.47257
,2015-04-24,-27,0.47481
,2015-04-25,-27,0.48855
,2015-04-26,-27,0.55947
,2015-04-27,-27,0.61622
,2015-04-28,-27,0.63526
,2015-04-29,-27,0.6264
,2015-04-30,-27,0.6024
,2015-05-01,-27,0.57559
,2015-05-02,-27,0.55384
,2015-05-03,-27,0.53928
,2015-05-04,-27,0.559
,2015-05-05,-27,0.6176
,2015-05-06,-27,0.62138
,2015-05-07,-27,0.761
,2015-05-08,-27,1.00916
,2015-05-09,-27,1.34224
,2015-05-10,-27,1.39998
,2015-05-11,-27,1.32562
,2015-05-12,-27,1.21807
,2015-05-13,-27,1.12087
,2015-05-14,-27,1.04873
,2015-05-15,-27,0.99509
,2015-05-16,-27,0.94848
,2015-05-17,-27,0.89999
,2015-05-18,-27,0.92993
,2015-05-19,-27,1.06039
,2015-05-20,-27,1.07256
,2015-05-21,-27,1.04724
,2015-05-22,-27,1.03414
,2015-05-23,-27,1.06088
,2015-05-24,-27,1.05259
,2015-05-25,-27,1.0027
,2015-05-26,-27,0.94092
,2015-05-27,-27,0.87597
,2015-05-28,-27,0.81221
,2015-05-29,-27,0.75201
,2015-05-30,-27,0.6963
,2015-05-31,-27,0.64518
,2015-06-01,-27,0.59891
,2015-06-02,-27,0.55865
,2015-06-03,-27,0.52587
,2015-06-04,-27,0.50039
,2015-06-05,-27,0.48069
,2015-06-06,-27,0.46528
,2015-06-07,-27,0.45337
,2015-06-08,-27,0.44437
,2015-06-09,-27,0.43782
,2015-06-10,-27,0.43369
,2015-06-11,-27,0.43733
,2015-06-12,-27,0.45137
,2015-06-13,-27,0.47552
,2015-06-14,-27,0.50752
,2015-06-15,-27,0.54363
,2015-06-16,-27,0.5788
,2015-06-17,-27,0.60883
,2015-06-18,-27,0.63228
,2015-06-19,-27,0.65139
,2015-06-20,-27,0.66346
,2015-06-21,-27,0.66663
,2015-06-22,-27,0.66323
,2015-06-23,-27,0.65156
,2015-06-24,-27,0.63473
,2015-06-25,-27,0.61307
,2015-06-26,-27,0.58863
,2015-06-27,-27,0.56357
,2015-06-28,-27,0.53913
,2015-06-29,-27,0.51382
,2015-06-30,-27,0.48935
,2015-07-01,-27,0.46551
,2015-07-02,-27,0.44183
,2015-07-03,-27,0.41806
,2015-07-04,-27,0.39422
,2015-07-05,-27,0.3706
,2015-07-06,-27,0.34756
,2015-07-07,-27,0.33034
,2015-07-08,-27,0.32835
,2015-07-09,-27,0.34926
,2015-07-10,-27,0.34661
,2015-07-11,-27,0.34
,2015-07-12,-27,0.33044
,2015-07-13,-27,0.31737
,2015-07-14,-27,0.30284
,2015-07-15,-27,0.28756
,2015-07-16,-27,0.27189
,2015-07-17,-27,0.25622
,2015-07-18,-27,0.24151
,2015-07-19,-27,0.22865
,2015-07-20,-27,0.21588
,2015-07-21,-27,0.20291
,2015-07-22,-27,0.19032
,2015-07-23,-27,0.17835
,2015-07-24,-27,0.16703
,2015-07-25,-27,0.15636
,2015-07-26,-27,0.14634
,2015-07-27,-27,0.13695
,2015-07-28,-27,0.1282
,2015-07-29,-27,0.12012
,2015-07-30,-27,0.11264
,2015-07-31,-27,0.10571
,2015-08-01,-27,0.09924
,2015-08-02,-27,0.09321
,2015-08-03,-27,0.08757
,2015-08-04,-27,0.08229
,2015-08-05,-27,0.07735
,2015-08-06,-27,0.07273
,2015-08-07,-27,0.06839
,2015-08-08,-27,0.06433
,2015-08-09,-27,0.06052
,2015-08-10,-27,0.05695
,2015-08-11,-27,0.05361
,2015-08-12,-27,0.05048
,2015-08-13,-27,0.04755
,2015-08-14,-27,0.04479
,2015-08-15,-27,0.04221
,2015-08-16,-27,0.03979
,2015-08-17,-27,0.03753
,2015-08-18,-27,0.0354
,2015-08-19,-27,0.0334
,2015-08-20,-27,0.03154
,2015-08-21,-27,0.02978
,2015-08-22,-27,0.02814
,2015-08-23,-27,0.02659
,2015-08-24,-27,0.02514
,2015-08-25,-27,0.02378
,2015-08-26,-27,0.0225
,2015-08-27,-27,0.02131
,2015-08-28,-27,0.02018
,2015-08-29,-27,0.01912
,2015-08-30,-27,0.01813
,2015-08-31,-27,0.01719
,2015-09-01,-27,0.01631
,2015-09-02,-27,0.01548
,2015-09-03,-27,0.0147
,2015-09-04,-27,0.01397
,2015-09-05,-27,0.01328
,2015-09-06,-27,0.01263
,2015-09-07,-27,0.01202
,2015-09-08,-27,0.01144
,2015-09-09,-27,0.0109
,2015-09-10,-27,0.01039
,2015-09-11,-27,0.0099
,2015-09-12,-27,0.00944
,2015-09-13,-27,0.00902
,2015-09-14,-27,0.00861
,2015-09-15,-27,0.00822
,2015-09-16,-27,0.00786
,2015-09-17,-27,0.00751
,2015-09-18,-27,0.00719
,2015-09-19,-27,0.00688
,2015-09-20,-27,0.00659
,2015-09-21,-27,0.00631
,2015-09-22,-27,0.00605
,2015-09-23,-27,0.0058
,2015-09-24,-27,0.00557
,2015-09-25,-27,0.00535
,2015-09-26,-27,0.00513
,2015-09-27,-27,0.00493
,2015-09-28,-27,0.00474
,2015-09-29,-27,0.00456
,2015-09-30,-27,0.00439
,2015-10-01,-27,0.00423
,2015-10-02,-27,0.00407
,2015-10-03,-27,0.00392
,2015-10-04,-27,0.00378
,2015-10-05,-27,0.00365
,2015-10-06,-27,0.00352
,2015-10-07,-27,0.0034
,2015-10-08,-27,0.00328
,2015-10-09,-27,0.00317
,2015-10-10,-27,0.00307
,2015-10-11,-27,0.00297
,2015-10-12,-27,0.00287
,2015-10-13,-27,0.00278
,2015-10-14,-27,0.00269
,2015-10-15,-27,0.00261
,2015-10-16,-27,0.00253
,2015-10-17,-27,0.00245
,2015-10-18,-27,0.00238
,2015-10-19,-27,0.0023
,2015-10-20,-27,0.00224
,2015-10-21,-27,0.0038
,2015-10-22,-27,0.00827
,2015-10-23,-27,0.01201
,2015-10-24,-27,0.01426
,2015-10-25,-27,0.0158
,2015-10-26,-27,0.0168
,2015-10-27,-27,0.01737
,2015-10-28,-27,0.01764
,2015-10-29,-27,0.01769
,2015-10-30,-27,0.01759
,2015-10-31,-27,0.0174
,2015-11-01,-27,0.01715
,2015-11-02,-27,0.01688
,2015-11-03,-27,0.0166
,2015-11-04,-27,0.01633
,2015-11-05,-27,0.01607
,2015-11-06,-27,0.01584
,2015-11-07,-27,0.01562
,2015-11-08,-27,0.01615
,2015-11-09,-27,0.02202
,2015-11-10,-27,0.04086
,2015-11-11,-27,0.0589
,2015-11-12,-27,0.07582
,2015-11-13,-27,0.08953
,2015-11-14,-27,0.10028
,2015-11-15,-27,0.10852
,2015-11-16,-27,0.11539
,2015-11-17,-27,0.11965
,2015-11-18,-27,0.12203
,2015-11-19,-27,0.12279
,2015-11-20,-27,0.1222
,2015-11-21,-27,0.12334
,2015-11-22,-27,0.12175
,2015-11-23,-27,0.17588
,2015-11-24,-27,0.20382
,2015-11-25,-27,0.21166
,2015-11-26,-27,0.21123
,2015-11-27,-27,0.20724
,2015-11-28,-27,0.20152
,2015-11-29,-27,0.1949
,2015-11-30,-27,0.18783
,2015-12-01,-27,0.18058
,2015-12-02,-27,0.17331
,2015-12-03,-27,0.16614
,2015-12-04,-27,0.15935
,2015-12-05,-27,0.15773
,2015-12-06,-27,0.15391
,2015-12-07,-27,0.14997
,2015-12-08,-27,0.14692
,2015-12-09,-27,0.14383
,2015-12-10,-27,0.14009
,2015-12-11,-27,0.13551
,2015-12-12,-27,0.13043
,2015-12-13,-27,0.12499
,2015-12-14,-27,0.1193
,2015-12-15,-27,0.11343
,2015-12-16,-27,0.10751
,2015-12-17,-27,0.10166
,2015-12-18,-27,0.09595
,2015-12-19,-27,0.09044
,2015-12-20,-27,0.12465
,2015-12-21,-27,0.13085
,2015-12-22,-27,0.13113
,2015-12-23,-27,0.12825
,2015-12-24,-27,0.12382
,2015-12-25,-27,0.11905
,2015-12-26,-27,0.11435
,2015-12-27,-27,0.10981
,2015-12-28,-27,0.10543
,2015-12-29,-27,0.10128
,2015-12-30,-27,0.09725
,2015-12-31,-27,0.09303
,2016-01-01,-27,0.089
,2016-01-02,-27,0.0849
,2016-01-03,-27,0.08123
,2016-01-04,-27,0.07752
,2016-01-05,-27,0.07421
,2016-01-06,-27,0.07125
,2016-01-07,-27,0.06819
,2016-01-08,-27,0.06501
,2016-01-09,-27,0.06179
,2016-01-10,-27,0.05866
,2016-01-11,-27,0.05567
,2016-01-12,-27,0.05282
,2016-01-13,-27,0.05009
,2016-01-14,-27,0.04769
,2016-01-15,-27,0.04509
,2016-01-16,-27,0.04262
,2016-01-17,-27,0.04025
,2016-01-18,-27,0.038
,2016-01-19,-27,0.03686
,2016-01-20,-27,0.03492
,2016-01-21,-27,0.03301
,2016-01-22,-27,0.03116
,2016-01-23,-27,0.03041
,2016-01-24,-27,0.02897
,2016-01-25,-27,0.02749
,2016-01-26,-27,0.02602
,2016-01-27,-27,0.02459
,2016-01-28,-27,0.02373
,2016-01-29,-27,0.02345
,2016-01-30,-27,0.02348
,2016-01-31,-27,0.02363
,2016-02-01,-27,0.02377
,2016-02-02,-27,0.02383
,2016-02-03,-27,0.02375
,2016-02-04,-27,0.02353
,2016-02-05,-27,0.02316
,2016-02-06,-27,0.02265
,2016-02-07,-27,0.02204
,2016-02-08,-27,0.02134
,2016-02-09,-27,0.02079
,2016-02-10,-27,0.03264
,2016-02-11,-27,0.04588
,2016-02-12,-27,0.0571
,2016-02-13,-27,0.06442
,2016-02-14,-27,0.06923
,2016-02-15,-27,0.07208
,2016-02-16,-27,0.07378
,2016-02-17,-27,0.07418
,2016-02-18,-27,0.07363
,2016-02-19,-27,0.07262
,2016-02-20,-27,0.07155
,2016-02-21,-27,0.07067
,2016-02-22,-27,0.07007
,2016-02-23,-27,0.06972
,2016-02-24,-27,0.08152
,2016-02-25,-27,0.07981
,2016-02-26,-27,0.07797
,2016-02-27,-27,0.08855
,2016-02-28,-27,0.09654
,2016-02-29,-27,0.10236
,2016-03-01,-27,0.10703
,2016-03-02,-27,0.11085
,2016-03-03,-27,0.11359
,2016-03-04,-27,0.11501
,2016-03-05,-27,0.11499
,2016-03-06,-27,0.11361
,2016-03-07,-27,0.11108
,2016-03-08,-27,0.10764
,2016-03-09,-27,0.10357
,2016-03-10,-27,0.09908
,2016-03-11,-27,0.09435
,2016-03-12,-27,0.08954
,2016-03-13,-27,0.08474
,2016-03-14,-27,0.08005
,2016-03-15,-27,0.07551
,2016-03-16,-27,0.07113
,2016-03-17,-27,0.06695
,2016-03-18,-27,0.06299
,2016-03-19,-27,0.05924
,2016-03-20,-27,0.0557
,2016-03-21,-27,0.05236
,2016-03-22,-27,0.1434
,2016-03-23,-27,0.24302
,2016-03-24,-27,0.26999
,2016-03-25,-27,0.2906
,2016-03-26,-27,0.29087
,2016-03-27,-27,0.27816
,2016-03-28,-27,0.28488
,2016-03-29,-27,0.3999
,2016-03-30,-27,0.47748
,2016-03-31,-27,0.5195
,2016-04-01,-27,0.53198
,2016-04-02,-27,0.52315
,2016-04-03,-27,0.52125
,2016-04-04,-27,0.51123
,2016-04-05,-27,0.50167
,2016-04-06,-27,0.49825
,2016-04-07,-27,0.49622
,2016-04-08,-27,0.49168
,2016-04-09,-27,0.48423
,2016-04-10,-27,0.47096
,2016-04-11,-27,0.45109
,2016-04-12,-27,0.42805
,2016-04-13,-27,0.40444
,2016-04-14,-27,0.38229
,2016-04-15,-27,0.36564
,2016-04-16,-27,0.45235
,2016-04-17,-27,0.46807
,2016-04-18,-27,0.46256
,2016-04-19,-27,0.44678
,2016-04-20,-27,0.44781
,2016-04-21,-27,0.46553
,2016-04-22,-27,0.53569
,2016-04-23,-27,0.6062
,2016-04-24,-27,0.65748
,2016-04-25,-27,0.68819
,2016-04-26,-27,0.70893
,2016-04-27,-27,0.7196
,2016-04-28,-27,0.71237
,2016-04-29,-27,0.69207
,2016-04-30,-27,0.66489
,2016-05-01,-27,0.63144
,2016-05-02,-27,0.59533
,2016-05-03,-27,0.65912
,2016-05-04,-27,0.76491
,2016-05-05,-27,0.76646
,2016-05-06,-27,0.7585
,2016-05-07,-27,0.75562
,2016-05-08,-27,0.75354
,2016-05-09,-27,0.74316
,2016-05-10,-27,0.72191
,2016-05-11,-27,0.68843
,2016-05-12,-27,0.64743
,2016-05-13,-27,0.60214
,2016-05-14,-27,0.55832
,2016-05-15,-27,0.51946
,2016-05-16,-27,0.48559
,2016-05-17,-27,0.45944
,2016-05-18,-27,0.44024
,2016-05-19,-27,0.42554
,2016-05-20,-27,0.4145
,2016-05-21,-27,0.40768
,2016-05-22,-27,0.40645
,2016-05-23,-27,0.41029
,2016-05-24,-27,0.41571
,2016-05-25,-27,0.41942
,2016-05-26,-27,0.42026
,2016-05-27,-27,0.4189
,2016-05-28,-27,0.41748
,2016-05-29,-27,0.41734
,2016-05-30,-27,0.41833
,2016-05-31,-27,0.42049
,2016-06-01,-27,0.42315
,2016-06-02,-27,0.42351
,2016-06-03,-27,0.41822
,2016-06-04,-27,0.40673
,2016-06-05,-27,0.39104
,2016-06-06,-27,0.3735
,2016-06-07,-27,0.35478
,2016-06-08,-27,0.33569
,2016-06-09,-27,0.31739
,2016-06-10,-27,0.30073
,2016-06-11,-27,0.28573
,2016-06-12,-27,0.27206
,2016-06-13,-27,0.25957
,2016-06-14,-27,0.2483
,2016-06-15,-27,0.23825
,2016-06-16,-27,0.22944
,2016-06-17,-27,0.2218
,2016-06-18,-27,0.21524
,2016-06-19,-27,0.20963
,2016-06-20,-27,0.20456
,2016-06-21,-27,0.19943
,2016-06-22,-27,0.19369
,2016-06-23,-27,0.18709
,2016-06-24,-27,0.17965
,2016-06-25,-27,0.17158
,2016-06-26,-27,0.16318
,2016-06-27,-27,0.15468
,2016-06-28,-27,0.14631
,2016-06-29,-27,0.13818
,2016-06-30,-27,0.13039
,2016-07-01,-27,0.12299
,2016-07-02,-27,0.11597
,2016-07-03,-27,0.10935
,2016-07-04,-27,0.10311
,2016-07-05,-27,0.09723
,2016-07-06,-27,0.0917
,2016-07-07,-27,0.08649
,2016-07-08,-27,0.0816
,2016-07-09,-27,0.07699
,2016-07-10,-27,0.07267
,2016-07-11,-27,0.06859
,2016-07-12,-27,0.06476
,2016-07-13,-27,0.06115
,2016-07-14,-27,0.05776
,2016-07-15,-27,0.05457
,2016-07-16,-27,0.05157
,2016-07-17,-27,0.04875
,2016-07-18,-27,0.0461
,2016-07-19,-27,0.0436
,2016-07-20,-27,0.04125
,2016-07-21,-27,0.03904
,2016-07-22,-27,0.03695
,2016-07-23,-27,0.03499
,2016-07-24,-27,0.03315
,2016-07-25,-27,0.03141
,2016-07-26,-27,0.02977
,2016-07-27,-27,0.02823
,2016-07-28,-27,0.02678
,2016-07-29,-27,0.02542
,2016-07-30,-27,0.02412
,2016-07-31,-27,0.02291
,2016-08-01,-27,0.02177
,2016-08-02,-27,0.02069
,2016-08-03,-27,0.01968
,2016-08-04,-27,0.01872
,2016-08-05,-27,0.01781
,2016-08-06,-27,0.01696
,2016-08-07,-27,0.01615
,2016-08-08,-27,0.01539
,2016-08-09,-27,0.01467
,2016-08-10,-27,0.01399
,2016-08-11,-27,0.01334
,2016-08-12,-27,0.01273
,2016-08-13,-27,0.01216
,2016-08-14,-27,0.01161
,2016-08-15,-27,0.0111
,2016-08-16,-27,0.01061
,2016-08-17,-27,0.01015
,2016-08-18,-27,0.00971
,2016-08-19,-27,0.0093
,2016-08-20,-27,0.00891
,2016-08-21,-27,0.00853
,2016-08-22,-27,0.00818
,2016-08-23,-27,0.00784
,2016-08-24,-27,0.00752
,2016-08-25,-27,0.00722
,2016-08-26,-27,0.00693
,2016-08-27,-27,0.00666
,2016-08-28,-27,0.0064
,2016-08-29,-27,0.00615
,2016-08-30,-27,0.00592
,2016-08-31,-27,0.00569
,2016-09-01,-27,0.00548
,2016-09-02,-27,0.00528
,2016-09-03,-27,0.00508
,2016-09-04,-27,0.0049
,2016-09-05,-27,0.00472
,2016-09-06,-27,0.00455
,2016-09-07,-27,0.00439
,2016-09-08,-27,0.00424
,2016-09-09,-27,0.00409
,2016-09-10,-27,0.00396
,2016-09-11,-27,0.00382
,2016-09-12,-27,0.00369
,2016-09-13,-27,0.00357
,2016-09-14,-27,0.00346
,2016-09-15,-27,0.00335
,2016-09-16,-27,0.00324
,2016-09-17,-27,0.00314
,2016-09-18,-27,0.00304
,2016-09-19,-27,0.00295
,2016-09-20,-27,0.00286
,2016-09-21,-27,0.00277
,2016-09-22,-27,0.00269
,2016-09-23,-27,0.00261
,2016-09-24,-27,0.00253
,2016-09-25,-27,0.00246
,2016-09-26,-27,0.00239
,2016-09-27,-27,0.00232
,2016-09-28,-27,0.00226
,2016-09-29,-27,0.0022
,2016-09-30,-27,0.00214
,2016-10-01,-27,0.00208
,2016-10-02,-27,0.00202
,2016-10-03,-27,0.00197
,2016-10-04,-27,0.00192
,2016-10-05,-27,0.00187
,2016-10-06,-27,0.00182
,2016-10-07,-27,0.00178
,2016-10-08,-27,0.00173
,2016-10-09,-27,0.00169
,2016-10-10,-27,0.00165
,2016-10-11,-27,0.00161
,2016-10-12,-27,0.00157
,2016-10-13,-27,0.00153
,2016-10-14,-27,0.0015
,2016-10-15,-27,0.00146
,2016-10-16,-27,0.00143
,2016-10-17,-27,0.0014
,2016-10-18,-27,0.00137
,2016-10-19,-27,0.00134
,2016-10-20,-27,0.00131
,2016-10-21,-27,0.00128
,2016-10-22,-27,0.00126
,2016-10-23,-27,0.00123
,2016-10-24,-27,0.00121
,2016-10-25,-27,0.00119
,2016-10-26,-27,0.00117
,2016-10-27,-27,0.00115
,2016-10-28,-27,0.00113
,2016-10-29,-27,0.00111
,2016-10-30,-27,0.0011
,2016-10-31,-27,0.00108
,2016-11-01,-27,0.00107
,2016-11-02,-27,0.00105
,2016-11-03,-27,0.00104
,2016-11-04,-27,0.00103
,2016-11-05,-27,0.00102
,2016-11-06,-27,0.00101
,2016-11-07,-27,0.001
,2016-11-08,-27,0.00099
,2016-11-09,-27,0.00099
,2016-11-10,-27,0.00098
,2016-11-11,-27,0.00097
,2016-11-12,-27,0.00097
,2016-11-13,-27,0.00096
,2016-11-14,-27,0.00096
,2016-11-15,-27,0.00095
,2016-11-16,-27,0.00095
,2016-11-17,-27,0.00095
,2016-11-18,-27,0.00094
,2016-11-19,-27,0.00094
,2016-11-20,-27,0.00275
,2016-11-21,-27,0.00372
,2016-11-22,-27,0.00469
,2016-11-23,-27,0.00567
,2016-11-24,-27,0.00665
,2016-11-25,-27,0.00765
,2016-11-26,-27,0.00867
,2016-11-27,-27,0.00971
,2016-11-28,-27,0.01078
,2016-11-29,-27,0.01185
,2016-11-30,-27,0.01292
,2016-12-01,-27,0.01395
,2016-12-02,-27,0.01491
,2016-12-03,-27,0.01577
,2016-12-04,-27,0.01651
,2016-12-05,-27,0.01711
,2016-12-06,-27,0.01757
,2016-12-07,-27,0.01787
,2016-12-08,-27,0.01804
,2016-12-09,-27,0.01807
,2016-12-10,-27,0.01799
,2016-12-11,-27,0.01781
,2016-12-12,-27,0.01755
,2016-12-13,-27,0.01721
,2016-12-14,-27,0.01682
,2016-12-15,-27,0.01639
,2016-12-16,-27,0.02037
,2016-12-17,-27,0.02025
,2016-12-18,-27,0.01971
,2016-12-19,-27,0.01911
,2016-12-20,-27,0.01847
,2016-12-21,-27,0.027
,2016-12-22,-27,0.03235
,2016-12-23,-27,0.03564
,2016-12-24,-27,0.03902
,2016-12-25,-27,0.04207
,2016-12-26,-27,0.04394
,2016-12-27,-27,0.04464
,2016-12-28,-27,0.04472
,2016-12-29,-27,0.0445
,2016-12-30,-27,0.04372
,2016-12-31,-27,0.04336
,2017-01-01,-27,0.04318
,2017-01-02,-27,0.043
,2017-01-03,-27,0.04268
,2017-01-04,-27,0.04222
,2017-01-05,-27,0.04159
,2017-01-06,-27,0.04076
,2017-01-07,-27,0.03974
,2017-01-08,-27,0.03853
,2017-01-09,-27,0.03717
,2017-01-10,-27,0.03597
,2017-01-11,-27,0.0346
,2017-01-12,-27,0.03352
,2017-01-13,-27,0.03193
,2017-01-14,-27,0.03032
,2017-01-15,-27,0.02872
,2017-01-16,-27,0.02716
,2017-01-17,-27,0.02566
,2017-01-18,-27,0.02421
,2017-01-19,-27,0.03481
,2017-01-20,-27,0.06899
,2017-01-21,-27,0.07983
,2017-01-22,-27,0.08489
,2017-01-23,-27,0.08701
,2017-01-24,-27,0.08606
,2017-01-25,-27,0.08341
,2017-01-26,-27,0.08038
,2017-01-27,-27,0.07713
,2017-01-28,-27,0.07407
,2017-01-29,-27,0.07151
,2017-01-30,-27,0.06978
,2017-01-31,-27,0.07919
,2017-02-01,-27,0.08633
,2017-02-02,-27,0.09251
,2017-02-03,-27,0.09613
,2017-02-04,-27,0.09793
,2017-02-05,-27,0.09848
,2017-02-06,-27,0.10348
,2017-02-07,-27,0.11277
,2017-02-08,-27,0.12238
,2017-02-09,-27,0.12977
,2017-02-10,-27,0.13454
,2017-02-11,-27,0.13934
,2017-02-12,-27,0.14675
,2017-02-13,-27,0.15585
,2017-02-14,-27,0.16298
,2017-02-15,-27,0.16647
,2017-02-16,-27,0.16749
,2017-02-17,-27,0.16861
,2017-02-18,-27,0.17425
,2017-02-19,-27,0.18641
,2017-02-20,-27,0.20435
,2017-02-21,-27,0.22484
,2017-02-22,-27,0.24738
,2017-02-23,-27,0.27164
,2017-02-24,-27,0.29467
,2017-02-25,-27,0.31265
,2017-02-26,-27,0.32317
,2017-02-27,-27,0.32621
,2017-02-28,-27,0.32315
,2017-03-01,-27,0.3158
,2017-03-02,-27,0.30573
,2017-03-03,-27,0.29421
,2017-03-04,-27,0.28605
,2017-03-05,-27,0.2883
,2017-03-06,-27,0.28007
,2017-03-07,-27,0.26738
,2017-03-08,-27,0.25289
,2017-03-09,-27,0.23825
,2017-03-10,-27,0.22474
,2017-03-11,-27,0.21253
,2017-03-12,-27,0.20132
,2017-03-13,-27,0.19076
,2017-03-14,-27,0.18074
,2017-03-15,-27,0.17127
,2017-03-16,-27,0.16246
,2017-03-17,-27,0.15436
,2017-03-18,-27,0.14686
,2017-03-19,-27,0.1398
,2017-03-20,-27,0.13344
,2017-03-21,-27,0.12843
,2017-03-22,-27,0.12558
,2017-03-23,-27,0.12585
,2017-03-24,-27,0.13106
,2017-03-25,-27,0.14215
,2017-03-26,-27,0.15825
,2017-03-27,-27,0.17637
,2017-03-28,-27,0.19533
,2017-03-29,-27,0.20669
,2017-03-30,-27,0.2127
,2017-03-31,-27,0.22184
,2017-04-01,-27,0.21739
,2017-04-02,-27,0.21003
,2017-04-03,-27,0.24493
,2017-04-04,-27,0.28634
,2017-04-05,-27,0.28677
,2017-04-06,-27,0.28554
,2017-04-07,-27,0.36742
,2017-04-08,-27,0.44311
,2017-04-09,-27,0.49498
,2017-04-10,-27,0.53016
,2017-04-11,-27,0.55091
,2017-04-12,-27,0.55934
,2017-04-13,-27,0.56221
,2017-04-14,-27,0.5655
,2017-04-15,-27,0.57283
,2017-04-16,-27,0.58413
,2017-04-17,-27,0.58982
,2017-04-18,-27,0.59002
,2017-04-19,-27,0.58645
,2017-04-20,-27,0.57911
,2017-04-21,-27,0.56855
,2017-04-22,-27,0.55267
,2017-04-23,-27,0.53109
,2017-04-24,-27,0.50852
,2017-04-25,-27,0.48983
,2017-04-26,-27,0.47458
,2017-04-27,-27,0.4599
,2017-04-28,-27,0.44376
,2017-04-29,-27,0.42752
,2017-04-30,-27,0.40832
,2017-05-01,-27,0.4215
,2017-05-02,-27,0.45855
,2017-05-03,-27,0.45132
,2017-05-04,-27,0.4379
,2017-05-05,-27,0.42801
,2017-05-06,-27,0.4253
,2017-05-07,-27,0.43046
,2017-05-08,-27,0.44063
,2017-05-09,-27,0.45197
,2017-05-10,-27,0.48831
,2017-05-11,-27,0.49437
,2017-05-12,-27,0.4916
,2017-05-13,-27,0.48309
,2017-05-14,-27,0.47253
,2017-05-15,-27,0.46111
,2017-05-16,-27,0.44813
,2017-05-17,-27,0.45828
,2017-05-18,-27,0.94589
,2017-05-19,-27,0.95701
,2017-05-20,-27,0.92996
,2017-05-21,-27,0.96341
,2017-05-22,-27,0.97898
,2017-05-23,-27,0.95669
,2017-05-24,-27,0.91379
,2017-05-25,-27,0.87621
,2017-05-26,-27,0.84454
,2017-05-27,-27,0.80987
,2017-05-28,-27,0.76701
,2017-05-29,-27,0.71721
,2017-05-30,-27,0.66453
,2017-05-31,-27,0.61284
,2017-06-01,-27,0.56465
,2017-06-02,-27,0.52178
,2017-06-03,-27,0.48486
,2017-06-04,-27,0.45535
,2017-06-05,-27,0.43488
,2017-06-06,-27,0.425
,2017-06-07,-27,0.42739
,2017-06-08,-27,0.44141
,2017-06-09,-27,0.4629
,2017-06-10,-27,0.48141
,2017-06-11,-27,0.49308
,2017-06-12,-27,0.49709
,2017-06-13,-27,0.49248
,2017-06-14,-27,0.47932
,2017-06-15,-27,0.46259
,2017-06-16,-27,0.4446
,2017-06-17,-27,0.42643
,2017-06-18,-27,0.40806
,2017-06-19,-27,0.38946
,2017-06-20,-27,0.371
,2017-06-21,-27,0.35319
,2017-06-22,-27,0.33647
,2017-06-23,-27,0.32109
,2017-06-24,-27,0.30709
,2017-06-25,-27,0.29447
,2017-06-26,-27,0.28266
,2017-06-27,-27,0.27106
,2017-06-28,-27,0.25914
,2017-06-29,-27,0.24672
,2017-06-30,-27,0.23388
,2017-07-01,-27,0.22091
,2017-07-02,-27,0.20809
,2017-07-03,-27,0.19565
,2017-07-04,-27,0.18375
,2017-07-05,-27,0.17247
,2017-07-06,-27,0.16185
,2017-07-07,-27,0.15188
,2017-07-08,-27,0.14254
,2017-07-09,-27,0.13381
,2017-07-10,-27,0.12564
,2017-07-11,-27,0.118
,2017-07-12,-27,0.11084
,2017-07-13,-27,0.10415
,2017-07-14,-27,0.09789
,2017-07-15,-27,0.09203
,2017-07-16,-27,0.08654
,2017-07-17,-27,0.08139
,2017-07-18,-27,0.07658
,2017-07-19,-27,0.07208
,2017-07-20,-27,0.06784
,2017-07-21,-27,0.06388
,2017-07-22,-27,0.06016
,2017-07-23,-27,0.05668
,2017-07-24,-27,0.05342
,2017-07-25,-27,0.05036
,2017-07-26,-27,0.0475
,2017-07-27,-27,0.04481
,2017-07-28,-27,0.04229
,2017-07-29,-27,0.03992
,2017-07-30,-27,0.0377
,2017-07-31,-27,0.03562
,2017-08-01,-27,0.03366
,2017-08-02,-27,0.03183
,2017-08-03,-27,0.0301
,2017-08-04,-27,0.02849
,2017-08-05,-27,0.02697
,2017-08-06,-27,0.02554
,2017-08-07,-27,0.02493
,2017-08-08,-27,0.02609
,2017-08-09,-27,0.02523
,2017-08-10,-27,0.02623
,2017-08-11,-27,0.02551
,2017-08-12,-27,0.0246
,2017-08-13,-27,0.02362
,2017-08-14,-27,0.02261
,2017-08-15,-27,0.0216
,2017-08-16,-27,0.02063
,2017-08-17,-27,0.01968
,2017-08-18,-27,0.01877
,2017-08-19,-27,0.01791
,2017-08-20,-27,0.01708
,2017-08-21,-27,0.01629
,2017-08-22,-27,0.01553
,2017-08-23,-27,0.01481
,2017-08-24,-27,0.01413
,2017-08-25,-27,0.01347
,2017-08-26,-27,0.01285
,2017-08-27,-27,0.01226
,2017-08-28,-27,0.0117
,2017-08-29,-27,0.01116
,2017-08-30,-27,0.01065
,2017-08-31,-27,0.01017
,2017-09-01,-27,0.00971
,2017-09-02,-27,0.00928
,2017-09-03,-27,0.00887
,2017-09-04,-27,0.00847
,2017-09-05,-27,0.0081
,2017-09-06,-27,0.00775
,2017-09-07,-27,0.00741
,2017-09-08,-27,0.00709
,2017-09-09,-27,0.00679
,2017-09-10,-27,0.0065
,2017-09-11,-27,0.00623
,2017-09-12,-27,0.00597
,2017-09-13,-27,0.00572
,2017-09-14,-27,0.00549
,2017-09-15,-27,0.00527
,2017-09-16,-27,0.00506
,2017-09-17,-27,0.00486
,2017-09-18,-27,0.00467
,2017-09-19,-27,0.00449
,2017-09-20,-27,0.00431
,2017-09-21,-27,0.00415
,2017-09-22,-27,0.004
,2017-09-23,-27,0.00385
,2017-09-24,-27,0.00379
,2017-09-25,-27,0.00388
,2017-09-26,-27,0.00386
,2017-09-27,-27,0.00705
,2017-09-28,-27,0.01788
,2017-09-29,-27,0.02322
,2017-09-30,-27,0.03114
,2017-10-01,-27,0.06501
,2017-10-02,-27,0.10362
,2017-10-03,-27,0.12993
,2017-10-04,-27,0.15069
,2017-10-05,-27,0.16587
,2017-10-06,-27,0.17679
,2017-10-07,-27,0.18452
,2017-10-08,-27,0.20713
,2017-10-09,-27,0.24884
,2017-10-10,-27,0.26587
,2017-10-11,-27,0.35025
,2017-10-12,-27,0.48104
,2017-10-13,-27,0.56889
,2017-10-14,-27,0.61806
,2017-10-15,-27,0.64107
,2017-10-16,-27,0.64866
,2017-10-17,-27,0.64822
,2017-10-18,-27,0.63927
,2017-10-19,-27,0.62354
,2017-10-20,-27,0.60357
,2017-10-21,-27,0.57705
,2017-10-22,-27,0.54616
,2017-10-23,-27,0.51453
,2017-10-24,-27,0.48477
,2017-10-25,-27,0.45798
,2017-10-26,-27,0.43396
,2017-10-27,-27,0.41183
,2017-10-28,-27,0.38724
,2017-10-29,-27,0.36228
,2017-10-30,-27,0.33825
,2017-10-31,-27,0.31578
,2017-11-01,-27,0.29684
,2017-11-02,-27,0.27745
,2017-11-03,-27,0.26063
,2017-11-04,-27,0.24505
,2017-11-05,-27,0.23059
,2017-11-06,-27,0.21707
,2017-11-07,-27,0.20443
,2017-11-08,-27,0.19244
,2017-11-09,-27,0.21326
,2017-11-10,-27,0.21454
,2017-11-11,-27,0.21123
,2017-11-12,-27,0.20562
,2017-11-13,-27,0.19902
,2017-11-14,-27,0.19243
,2017-11-15,-27,0.18549
,2017-11-16,-27,0.1784
,2017-11-17,-27,0.17133
,2017-11-18,-27,0.16427
,2017-11-19,-27,0.15633
,2017-11-20,-27,0.14853
,2017-11-21,-27,0.14106
,2017-11-22,-27,0.13391
,2017-11-23,-27,0.12711
,2017-11-24,-27,0.12066
,2017-11-25,-27,0.11464
,2017-11-26,-27,0.10906
,2017-11-27,-27,0.10389
,2017-11-28,-27,0.09904
,2017-11-29,-27,0.09444
,2017-11-30,-27,0.09005
,2017-12-01,-27,0.08587
,2017-12-02,-27,0.08191
,2017-12-03,-27,0.07819
,2017-12-04,-27,0.0747
,2017-12-05,-27,0.07142
,2017-12-06,-27,0.06832
,2017-12-07,-27,0.06538
,2017-12-08,-27,0.06256
,2017-12-09,-27,0.05985
,2017-12-10,-27,0.05722
,2017-12-11,-27,0.05466
,2017-12-12,-27,0.05217
,2017-12-13,-27,0.04974
,2017-12-14,-27,0.04739
,2017-12-15,-27,0.04512
,2017-12-16,-27,0.04292
,2017-12-17,-27,0.0408
,2017-12-18,-27,0.03877
,2017-12-19,-27,0.03682
,2017-12-20,-27,0.03496
,2017-12-21,-27,0.03319
,2017-12-22,-27,0.0315
,2017-12-23,-27,0.02989
,2017-12-24,-27,0.02837
,2017-12-25,-27,0.02693
,2017-12-26,-27,0.02556
,2017-12-27,-27,0.02426
,2017-12-28,-27,0.02304
,2017-12-29,-27,0.0219
,2017-12-30,-27,0.02432
,2017-12-31,-27,0.02534
,2018-01-01,-27,0.02609
,2018-01-02,-27,0.02659
,2018-01-03,-27,0.02681
,2018-01-04,-27,0.02674
,2018-01-05,-27,0.02643
,2018-01-06,-27,0.02608
,2018-01-07,-27,0.02581
,2018-01-08,-27,0.02565
,2018-01-09,-27,0.02566
,2018-01-10,-27,0.02588
,2018-01-11,-27,0.02639
,2018-01-12,-27,0.02718
,2018-01-13,-27,0.02823
,2018-01-14,-27,0.02942
,2018-01-15,-27,0.03064
,2018-01-16,-27,0.03176
,2018-01-17,-27,0.03268
,2018-01-18,-27,0.03333
,2018-01-19,-27,0.03367
,2018-01-20,-27,0.03371
,2018-01-21,-27,0.03348
,2018-01-22,-27,0.03316
,2018-01-23,-27,0.03261
,2018-01-24,-27,0.03188
,2018-01-25,-27,0.03123
,2018-01-26,-27,0.04028
,2018-01-27,-27,0.04285
,2018-01-28,-27,0.0437
,2018-01-29,-27,0.0435
,2018-01-30,-27,0.04285
,2018-01-31,-27,0.04208
,2018-02-01,-27,0.04129
,2018-02-02,-27,0.0405
,2018-02-03,-27,0.03967
,2018-02-04,-27,0.03876
,2018-02-05,-27,0.03777
,2018-02-06,-27,0.03668
,2018-02-07,-27,0.0355
,2018-02-08,-27,0.03426
,2018-02-09,-27,0.03298
,2018-02-10,-27,0.0317
,2018-02-11,-27,0.03045
,2018-02-12,-27,0.02924
,2018-02-13,-27,0.02806
,2018-02-14,-27,0.02691
,2018-02-15,-27,0.02754
,2018-02-16,-27,0.02674
,2018-02-17,-27,0.0258
,2018-02-18,-27,0.02481
,2018-02-19,-27,0.0238
,2018-02-20,-27,0.02279
,2018-02-21,-27,0.0218
,2018-02-22,-27,0.02083
,2018-02-23,-27,0.0199
,2018-02-24,-27,0.01899
,2018-02-25,-27,0.01812
,2018-02-26,-27,0.01728
,2018-02-27,-27,0.01648
,2018-02-28,-27,0.01571
,2018-03-01,-27,0.01498
,2018-03-02,-27,0.01427
,2018-03-03,-27,0.01557
,2018-03-04,-27,0.02122
,2018-03-05,-27,0.02322
,2018-03-06,-27,0.02453
,2018-03-07,-27,0.02537
,2018-03-08,-27,0.02578
,2018-03-09,-27,0.02584
,2018-03-10,-27,0.02564
,2018-03-11,-27,0.02522
,2018-03-12,-27,0.02468
,2018-03-13,-27,0.02404
,2018-03-14,-27,0.02333
,2018-03-15,-27,0.02258
,2018-03-16,-27,0.02183
,2018-03-17,-27,0.02112
,2018-03-18,-27,0.02142
,2018-03-19,-27,0.02104
,2018-03-20,-27,0.02079
,2018-03-21,-27,0.02069
,2018-03-22,-27,0.02171
,2018-03-23,-27,0.02362
,2018-03-24,-27,0.02615
,2018-03-25,-27,0.02895
,2018-03-26,-27,0.03443
,2018-03-27,-27,0.03735
,2018-03-28,-27,0.04048
,2018-03-29,-27,0.04204
,2018-03-30,-27,0.04295
,2018-03-31,-27,0.04675
,2018-04-01,-27,0.04898
,2018-04-02,-27,0.05121
,2018-04-03,-27,0.05365
,2018-04-04,-27,0.05661
,2018-04-05,-27,0.05985
,2018-04-06,-27,0.06258
,2018-04-07,-27,0.06436
,2018-04-08,-27,0.11079
,2018-04-09,-27,0.1416
,2018-04-10,-27,0.14903
,2018-04-11,-27,0.15276
,2018-04-12,-27,0.15456
,2018-04-13,-27,0.15383
,2018-04-14,-27,0.15159
,2018-04-15,-27,0.14597
,2018-04-16,-27,0.1388
,2018-04-17,-27,0.13125
,2018-04-18,-27,0.12392
,2018-04-19,-27,0.117
,2018-04-20,-27,0.11052
,2018-04-21,-27,0.10442
,2018-04-22,-27,0.09864
,2018-04-23,-27,0.09329
,2018-04-24,-27,0.08921
,2018-04-25,-27,0.0864
,2018-04-26,-27,0.12033
,2018-04-27,-27,0.12984
,2018-04-28,-27,0.13994
,2018-04-29,-27,0.15119
,2018-04-30,-27,0.16519
,2018-05-01,-27,0.18179
,2018-05-02,-27,0.20334
,2018-05-03,-27,0.25291
,2018-05-04,-27,0.26905
,2018-05-05,-27,0.27221
,2018-05-06,-27,0.26513
,2018-05-07,-27,0.25355
,2018-05-08,-27,0.24202
,2018-05-09,-27,0.23451
,2018-05-10,-27,0.23506
,2018-05-11,-27,0.24662
,2018-05-12,-27,0.26825
,2018-05-13,-27,0.29383
,2018-05-14,-27,0.31619
,2018-05-15,-27,0.32928
,2018-05-16,-27,0.33148
,2018-05-17,-27,0.32371
,2018-05-18,-27,0.30816
,2018-05-19,-27,0.29422
,2018-05-20,-27,0.28097
,2018-05-21,-27,0.266
,2018-05-22,-27,0.2553
,2018-05-23,-27,0.24867
,2018-05-24,-27,0.24484
,2018-05-25,-27,0.24407
,2018-05-26,-27,0.24568
,2018-05-27,-27,0.24912
,2018-05-28,-27,0.25345
,2018-05-29,-27,0.25681
,2018-05-30,-27,0.25856
,2018-05-31,-27,0.25817
,2018-06-01,-27,0.255
,2018-06-02,-27,0.24987
,2018-06-03,-27,0.2431
,2018-06-04,-27,0.23485
,2018-06-05,-27,0.22535
,2018-06-06,-27,0.21492
,2018-06-07,-27,0.20399
,2018-06-08,-27,0.19295
,2018-06-09,-27,0.18209
,2018-06-10,-27,0.17164
,2018-06-11,-27,0.1617
,2018-06-12,-27,0.15233
,2018-06-13,-27,0.14352
,2018-06-14,-27,0.13526
,2018-06-15,-27,0.12752
,2018-06-16,-27,0.12026
,2018-06-17,-27,0.11986
,2018-06-18,-27,0.12155
,2018-06-19,-27,0.11552
,2018-06-20,-27,0.10875
,2018-06-21,-27,0.10223
,2018-06-22,-27,0.09612
,2018-06-23,-27,0.09044
,2018-06-24,-27,0.08516
,2018-06-25,-27,0.08025
,2018-06-26,-27,0.07567
,2018-06-27,-27,0.07173
,2018-06-28,-27,0.06792
,2018-06-29,-27,0.06423
,2018-06-30,-27,0.06072
,2018-07-01,-27,0.05738
,2018-07-02,-27,0.05423
,2018-07-03,-27,0.05125
,2018-07-04,-27,0.04845
,2018-07-05,-27,0.04581
,2018-07-06,-27,0.04332
,2018-07-07,-27,0.04098
,2018-07-08,-27,0.03877
,2018-07-09,-27,0.03669
,2018-07-10,-27,0.03473
,2018-07-11,-27,0.03289
,2018-07-12,-27,0.03115
,2018-07-13,-27,0.02952
,2018-07-14,-27,0.02798
,2018-07-15,-27,0.02653
,2018-07-16,-27,0.02516
,2018-07-17,-27,0.02387
,2018-07-18,-27,0.02266
,2018-07-19,-27,0.02152
,2018-07-20,-27,0.02044
,2018-07-21,-27,0.01942
,2018-07-22,-27,0.01847
,2018-07-23,-27,0.01843
,2018-07-24,-27,0.0177
,2018-07-25,-27,0.01861
,2018-07-26,-27,0.01814
,2018-07-27,-27,0.01754
,2018-07-28,-27,0.01688
,2018-07-29,-27,0.01619
,2018-07-30,-27,0.01551
,2018-07-31,-27,0.01483
,2018-08-01,-27,0.01418
,2018-08-02,-27,0.01355
,2018-08-03,-27,0.01295
,2018-08-04,-27,0.01237
,2018-08-05,-27,0.01182
,2018-08-06,-27,0.01129
,2018-08-07,-27,0.01079
,2018-08-08,-27,0.01032
,2018-08-09,-27,0.00987
,2018-08-10,-27,0.00944
,2018-08-11,-27,0.00903
,2018-08-12,-27,0.00864
,2018-08-13,-27,0.00827
,2018-08-14,-27,0.00792
,2018-08-15,-27,0.00758
,2018-08-16,-27,0.00726
,2018-08-17,-27,0.00696
,2018-08-18,-27,0.00667
,2018-08-19,-27,0.0064
,2018-08-20,-27,0.00614
,2018-08-21,-27,0.00589
,2018-08-22,-27,0.00566
,2018-08-23,-27,0.00543
,2018-08-24,-27,0.00522
,2018-08-25,-27,0.00502
,2018-08-26,-27,0.00482
,2018-08-27,-27,0.00464
,2018-08-28,-27,0.00447
,2018-08-29,-27,0.0043
,2018-08-30,-27,0.00414
,2018-08-31,-27,0.00399
,2018-09-01,-27,0.00385
,2018-09-02,-27,0.00371
,2018-09-03,-27,0.00358
,2018-09-04,-27,0.00346
,2018-09-05,-27,0.00334
,2018-09-06,-27,0.00322
,2018-09-07,-27,0.00312
,2018-09-08,-27,0.00301
,2018-09-09,-27,0.00292
,2018-09-10,-27,0.00282
,2018-09-11,-27,0.00273
,2018-09-12,-27,0.00265
,2018-09-13,-27,0.00256
,2018-09-14,-27,0.00248
,2018-09-15,-27,0.00241
,2018-09-16,-27,0.00234
,2018-09-17,-27,0.00227
,2018-09-18,-27,0.0022
,2018-09-19,-27,0.00214
,2018-09-20,-27,0.00208
,2018-09-21,-27,0.00202
,2018-09-22,-27,0.00196
,2018-09-23,-27,0.00191
,2018-09-24,-27,0.00186
,2018-09-25,-27,0.00181
,2018-09-26,-27,0.00176
,2018-09-27,-27,0.00172
,2018-09-28,-27,0.00167
,2018-09-29,-27,0.00163
,2018-09-30,-27,0.00159
,2018-10-01,-27,0.00155
,2018-10-02,-27,0.00151
,2018-10-03,-27,0.00148
,2018-10-04,-27,0.00144
,2018-10-05,-27,0.00141
,2018-10-06,-27,0.00137
,2018-10-07,-27,0.00134
,2018-10-08,-27,0.00131
,2018-10-09,-27,0.00128
,2018-10-10,-27,0.00127
,2018-10-11,-27,0.00152
,2018-10-12,-27,0.00179
,2018-10-13,-27,0.00688
,2018-10-14,-27,0.0124
,2018-10-15,-27,0.01922
,2018-10-16,-27,0.0272
,2018-10-17,-27,0.05032
,2018-10-18,-27,0.09669
,2018-10-19,-27,0.11582
,2018-10-20,-27,0.13006
,2018-10-21,-27,0.14247
,2018-10-22,-27,0.15354
,2018-10-23,-27,0.16375
,2018-10-24,-27,0.17038
,2018-10-25,-27,0.17371
,2018-10-26,-27,0.17466
,2018-10-27,-27,0.1737
,2018-10-28,-27,0.17108
,2018-10-29,-27,0.167
,2018-10-30,-27,0.16175
,2018-10-31,-27,0.1556
,2018-11-01,-27,0.14885
,2018-11-02,-27,0.14175
,2018-11-03,-27,0.13458
,2018-11-04,-27,0.1275
,2018-11-05,-27,0.12059
,2018-11-06,-27,0.11391
,2018-11-07,-27,0.1075
,2018-11-08,-27,0.10334
,2018-11-09,-27,0.09756
,2018-11-10,-27,0.092
,2018-11-11,-27,0.0867
,2018-11-12,-27,0.08168
,2018-11-13,-27,0.07694
,2018-11-14,-27,0.07248
,2018-11-15,-27,0.08809
,2018-11-16,-27,0.08998
,2018-11-17,-27,0.09033
,2018-11-18,-27,0.08985
,2018-11-19,-27,0.0885
,2018-11-20,-27,0.08652
,2018-11-21,-27,0.08596
,2018-11-22,-27,0.08316
,2018-11-23,-27,0.08003
,2018-11-24,-27,0.07728
,2018-11-25,-27,0.07503
,2018-11-26,-27,0.07243
,2018-11-27,-27,0.06959
,2018-11-28,-27,0.06669
,2018-11-29,-27,0.06361
,2018-11-30,-27,0.06051
,2018-12-01,-27,0.0575
,2018-12-02,-27,0.0546
,2018-12-03,-27,0.05183
,2018-12-04,-27,0.04919
,2018-12-05,-27,0.04667
,2018-12-06,-27,0.04429
,2018-12-07,-27,0.04204
,2018-12-08,-27,0.03991
,2018-12-09,-27,0.03789
,2018-12-10,-27,0.03599
,2018-12-11,-27,0.03419
,2018-12-12,-27,0.03249
,2018-12-13,-27,0.03088
,2018-12-14,-27,0.02935
,2018-12-15,-27,0.02789
,2018-12-16,-27,0.0265
,2018-12-17,-27,0.02517
,2018-12-18,-27,0.02392
,2018-12-19,-27,0.02274
,2018-12-20,-27,0.02163
,2018-12-21,-27,0.02057
,2018-12-22,-27,0.01958
,2018-12-23,-27,0.01863
,2018-12-24,-27,0.01774
,2018-12-25,-27,0.01689
,2018-12-26,-27,0.01608
,2018-12-27,-27,0.01531
,2018-12-28,-27,0.01458
,2018-12-29,-27,0.01388
,2018-12-30,-27,0.01322
,2018-12-31,-27,0.01259
,2019-01-01,-27,0.01199
,2019-01-02,-27,0.01142
,2019-01-03,-27,0.01089
,2019-01-04,-27,0.01037
,2019-01-05,-27,0.00989
,2019-01-06,-27,0.00943
,2019-01-07,-27,0.00899
,2019-01-08,-27,0.00858
,2019-01-09,-27,0.00819
,2019-01-10,-27,0.00781
,2019-01-11,-27,0.00746
,2019-01-12,-27,0.00713
,2019-01-13,-27,0.00738
,2019-01-14,-27,0.00721
,2019-01-15,-27,0.00699
,2019-01-16,-27,0.00675
,2019-01-17,-27,0.0065
,2019-01-18,-27,0.00683
,2019-01-19,-27,0.00657
,2019-01-20,-27,0.0083
,2019-01-21,-27,0.01557
,2019-01-22,-27,0.01785
,2019-01-23,-27,0.01938
,2019-01-24,-27,0.02105
,2019-01-25,-27,0.02204
,2019-01-26,-27,0.02241
,2019-01-27,-27,0.02231
,2019-01-28,-27,0.02188
,2019-01-29,-27,0.02122
,2019-01-30,-27,0.02041
,2019-01-31,-27,0.01952
,2019-02-01,-27,0.01862
,2019-02-02,-27,0.02435
,2019-02-03,-27,0.02618
,2019-02-04,-27,0.02783
,2019-02-05,-27,0.02961
,2019-02-06,-27,0.03106
,2019-02-07,-27,0.03208
,2019-02-08,-27,0.03267
,2019-02-09,-27,0.03284
,2019-02-10,-27,0.03264
,2019-02-11,-27,0.03211
,2019-02-12,-27,0.03133
,2019-02-13,-27,0.03035
,2019-02-14,-27,0.02923
,2019-02-15,-27,0.03039
,2019-02-16,-27,0.02934
,2019-02-17,-27,0.02797
,2019-02-18,-27,0.02658
,2019-02-19,-27,0.02519
,2019-02-20,-27,0.02384
,2019-02-21,-27,0.02253
,2019-02-22,-27,0.02128
,2019-02-23,-27,0.02007
,2019-02-24,-27,0.01893
,2019-02-25,-27,0.01785
,2019-02-26,-27,0.01682
,2019-02-27,-27,0.01585
,2019-02-28,-27,0.01493
,2019-03-01,-27,0.01477
,2019-03-02,-27,0.01409
,2019-03-03,-27,0.0134
,2019-03-04,-27,0.01272
,2019-03-05,-27,0.01205
,2019-03-06,-27,0.01141
,2019-03-07,-27,0.01079
,2019-03-08,-27,0.0107
,2019-03-09,-27,0.01429
,2019-03-10,-27,0.01514
,2019-03-11,-27,0.01573
,2019-03-12,-27,0.01635
,2019-03-13,-27,0.04034
,2019-03-14,-27,0.04954
,2019-03-15,-27,0.05614
,2019-03-16,-27,0.06041
,2019-03-17,-27,0.06213
,2019-03-18,-27,0.08553
,2019-03-19,-27,0.10567
,2019-03-20,-27,0.10825
,2019-03-21,-27,0.13809
,2019-03-22,-27,0.17592
,2019-03-23,-27,0.20153
,2019-03-24,-27,0.21861
,2019-03-25,-27,0.22746
,2019-03-26,-27,0.23057
,2019-03-27,-27,0.23158
,2019-03-28,-27,0.23137
,2019-03-29,-27,0.23486
,2019-03-30,-27,0.23974
,2019-03-31,-27,0.24271
,2019-04-01,-27,0.24217
,2019-04-02,-27,0.2456
,2019-04-03,-27,0.23846
,2019-04-04,-27,0.23152
,2019-04-05,-27,0.22613
,2019-04-06,-27,0.22681
,2019-04-07,-27,0.23586
,2019-04-08,-27,0.25103
,2019-04-09,-27,0.26758
,2019-04-10,-27,0.28144
,2019-04-11,-27,0.29135
,2019-04-12,-27,0.29656
,2019-04-13,-27,0.2953
,2019-04-14,-27,0.28989
,2019-04-15,-27,0.31866
,2019-04-16,-27,0.31713
,2019-04-17,-27,0.31112
,2019-04-18,-27,0.30144
,2019-04-19,-27,0.28916
,2019-04-20,-27,0.27529
,2019-04-21,-27,0.26057
,2019-04-22,-27,0.24556
,2019-04-23,-27,0.23067
,2019-04-24,-27,0.21619
,2019-04-25,-27,0.20231
,2019-04-26,-27,0.18911
,2019-04-27,-27,0.17677
,2019-04-28,-27,0.16555
,2019-04-29,-27,0.15583
,2019-04-30,-27,0.14756
,2019-05-01,-27,0.14036
,2019-05-02,-27,0.13492
,2019-05-03,-27,0.15865
,2019-05-04,-27,0.16228
,2019-05-05,-27,0.16387
,2019-05-06,-27,0.16606
,2019-05-07,-27,0.17094
,2019-05-08,-27,0.18231
,2019-05-09,-27,0.19463
,2019-05-10,-27,0.20505
,2019-05-11,-27,0.21966
,2019-05-12,-27,0.23369
,2019-05-13,-27,0.24829
,2019-05-14,-27,0.26316
,2019-05-15,-27,0.28017
,2019-05-16,-27,0.29973
,2019-05-17,-27,0.31909
,2019-05-18,-27,0.33389
,2019-05-19,-27,0.33983
,2019-05-20,-27,0.33692
,2019-05-21,-27,0.32581
,2019-05-22,-27,0.31263
,2019-05-23,-27,0.2987
,2019-05-24,-27,0.27722
,2019-05-25,-27,0.25827
,2019-05-26,-27,0.24308
,2019-05-27,-27,0.23462
,2019-05-28,-27,0.23309
,2019-05-29,-27,0.23267
,2019-05-30,-27,0.23228
,2019-05-31,-27,0.23069
,2019-06-01,-27,0.22892
,2019-06-02,-27,0.22953
,2019-06-03,-27,0.23518
,2019-06-04,-27,0.24716
,2019-06-05,-27,0.26527
,2019-06-06,-27,0.28706
,2019-06-07,-27,0.31077
,2019-06-08,-27,0.33377
,2019-06-09,-27,0.35335
,2019-06-10,-27,0.36744
,2019-06-11,-27,0.37497
,2019-06-12,-27,0.37487
,2019-06-13,-27,0.36755
,2019-06-14,-27,0.35521
,2019-06-15,-27,0.34064
,2019-06-16,-27,0.326
,2019-06-17,-27,0.31225
,2019-06-18,-27,0.29874
,2019-06-19,-27,0.28512
,2019-06-20,-27,0.27185
,2019-06-21,-27,0.26139
,2019-06-22,-27,0.25534
,2019-06-23,-27,0.24567
,2019-06-24,-27,0.23737
,2019-06-25,-27,0.2305
,2019-06-26,-27,0.22435
,2019-06-27,-27,0.21824
,2019-06-28,-27,0.21193
,2019-06-29,-27,0.20555
,2019-06-30,-27,0.19942
,2019-07-01,-27,0.19379
,2019-07-02,-27,0.18879
,2019-07-03,-27,0.18444
,2019-07-04,-27,0.18068
,2019-07-05,-27,0.17745
,2019-07-06,-27,0.17469
,2019-07-07,-27,0.17215
,2019-07-08,-27,0.1694
,2019-07-09,-27,0.16603
,2019-07-10,-27,0.16176
,2019-07-11,-27,0.15655
,2019-07-12,-27,0.15055
,2019-07-13,-27,0.14401
,2019-07-14,-27,0.13717
,2019-07-15,-27,0.13025
,2019-07-16,-27,0.12341
,2019-07-17,-27,0.11676
,2019-07-18,-27,0.11036
,2019-07-19,-27,0.10424
,2019-07-20,-27,0.09843
,2019-07-21,-27,0.09293
,2019-07-22,-27,0.08774
,2019-07-23,-27,0.08283
,2019-07-24,-27,0.0782
,2019-07-25,-27,0.07385
,2019-07-26,-27,0.06974
,2019-07-27,-27,0.06587
,2019-07-28,-27,0.06222
,2019-07-29,-27,0.0588
,2019-07-30,-27,0.05557
,2019-07-31,-27,0.05253
,2019-08-01,-27,0.04967
,2019-08-02,-27,0.04698
,2019-08-03,-27,0.04445
,2019-08-04,-27,0.04206
,2019-08-05,-27,0.03982
,2019-08-06,-27,0.0377
,2019-08-07,-27,0.03571
,2019-08-08,-27,0.03384
,2019-08-09,-27,0.03207
,2019-08-10,-27,0.0304
,2019-08-11,-27,0.02883
,2019-08-12,-27,0.02736
,2019-08-13,-27,0.02596
,2019-08-14,-27,0.02464
,2019-08-15,-27,0.02341
,2019-08-16,-27,0.02225
,2019-08-17,-27,0.02115
,2019-08-18,-27,0.02011
,2019-08-19,-27,0.01913
,2019-08-20,-27,0.01821
,2019-08-21,-27,0.01734
,2019-08-22,-27,0.01651
,2019-08-23,-27,0.01573
,2019-08-24,-27,0.015
,2019-08-25,-27,0.0143
,2019-08-26,-27,0.01364
,2019-08-27,-27,0.01302
,2019-08-28,-27,0.01243
,2019-08-29,-27,0.01188
,2019-08-30,-27,0.01135
,2019-08-31,-27,0.01085
,2019-09-01,-27,0.01038
,2019-09-02,-27,0.00993
,2019-09-03,-27,0.00951
,2019-09-04,-27,0.00911
,2019-09-05,-27,0.00873
,2019-09-06,-27,0.00837
,2019-09-07,-27,0.00802
,2019-09-08,-27,0.00769
,2019-09-09,-27,0.00738
,2019-09-10,-27,0.00709
,2019-09-11,-27,0.00681
,2019-09-12,-27,0.00654
,2019-09-13,-27,0.00629
,2019-09-14,-27,0.00605
,2019-09-15,-27,0.00582
,2019-09-16,-27,0.0056
,2019-09-17,-27,0.00539
,2019-09-18,-27,0.0052
,2019-09-19,-27,0.00501
,2019-09-20,-27,0.00483
,2019-09-21,-27,0.00465
,2019-09-22,-27,0.00449
,2019-09-23,-27,0.00433
,2019-09-24,-27,0.00418
,2019-09-25,-27,0.00404
,2019-09-26,-27,0.00391
,2019-09-27,-27,0.00378
,2019-09-28,-27,0.00365
,2019-09-29,-27,0.00353
,2019-09-30,-27,0.00342
,2019-10-01,-27,0.00331
,2019-10-02,-27,0.0032
,2019-10-03,-27,0.0031
,2019-10-04,-27,0.00301
,2019-10-05,-27,0.00292
,2019-10-06,-27,0.00283
,2019-10-07,-27,0.00275
,2019-10-08,-27,0.00266
,2019-10-09,-27,0.00259
,2019-10-10,-27,0.00251
,2019-10-11,-27,0.00244
,2019-10-12,-27,0.00237
,2019-10-13,-27,0.00261
,2019-10-14,-27,0.00263
,2019-10-15,-27,0.00263
,2019-10-16,-27,0.00261
,2019-10-17,-27,0.00258
,2019-10-18,-27,0.00254
,2019-10-19,-27,0.0025
,2019-10-20,-27,0.00245
,2019-10-21,-27,0.00239
,2019-10-22,-27,0.00233
,2019-10-23,-27,0.00228
,2019-10-24,-27,0.00222
,2019-10-25,-27,0.01239
,2019-10-26,-27,0.01768
,2019-10-27,-27,0.0235
,2019-10-28,-27,0.02908
,2019-10-29,-27,0.03459
,2019-10-30,-27,0.0398
,2019-10-31,-27,0.04444
,2019-11-01,-27,0.04826
,2019-11-02,-27,0.05114
,2019-11-03,-27,0.05388
,2019-11-04,-27,0.09203
,2019-11-05,-27,0.10628
,2019-11-06,-27,0.11649
,2019-11-07,-27,0.12388
,2019-11-08,-27,0.12865
,2019-11-09,-27,0.13217
,2019-11-10,-27,0.13344
,2019-11-11,-27,0.13284
,2019-11-12,-27,0.13016
,2019-11-13,-27,0.12522
,2019-11-14,-27,0.11957
,2019-11-15,-27,0.11377
,2019-11-16,-27,0.10806
,2019-11-17,-27,0.10255
,2019-11-18,-27,0.09733
,2019-11-19,-27,0.09246
,2019-11-20,-27,0.08816
,2019-11-21,-27,0.08452
,2019-11-22,-27,0.08175
,2019-11-23,-27,0.07939
,2019-11-24,-27,0.09006
,2019-11-25,-27,0.09909
,2019-11-26,-27,0.10107
,2019-11-27,-27,0.1011
,2019-11-28,-27,0.10002
,2019-11-29,-27,0.09824
,2019-11-30,-27,0.09597
,2019-12-01,-27,0.09335
,2019-12-02,-27,0.09047
,2019-12-03,-27,0.1331
,2019-12-04,-27,0.1758
,2019-12-05,-27,0.20128
,2019-12-06,-27,0.21539
,2019-12-07,-27,0.22
,2019-12-08,-27,0.21929
,2019-12-09,-27,0.21577
,2019-12-10,-27,0.2107
,2019-12-11,-27,0.20489
,2019-12-12,-27,0.19839
,2019-12-13,-27,0.19181
,2019-12-14,-27,0.1843
,2019-12-15,-27,0.17534
,2019-12-16,-27,0.16644
,2019-12-17,-27,0.15807
,2019-12-18,-27,0.15028
,2019-12-19,-27,0.1428
,2019-12-20,-27,0.13552
,2019-12-21,-27,0.12847
,2019-12-22,-27,0.12211
,2019-12-23,-27,0.11718
,2019-12-24,-27,0.11401
,2019-12-25,-27,0.11197
,2019-12-26,-27,0.11059
,2019-12-27,-27,0.10946
,2019-12-28,-27,0.1083
,2019-12-29,-27,0.10711
,2019-12-30,-27,0.10584
,2019-12-31,-27,0.10447
